"ID","Day","treatment","training","trial","trialNum","ShockOnOff","PairedPartner","TotalPath","Speed","sdSpeed","Linearity","NumEntrances","Time1stEntr","Path1stEntr","Speed1stEntr","EntrPerDist","NumShock","MaxTimeAvoid","MaxPathAvoid","Time2ndEntr","Path2ndEntr","Speed2ndEntr","TimeShockZone","pTimeShockZone","pTimeCCW","pTimeOPP","pTimeCW","RayleigLength","RayleigAngle","Min50%RngLoBin","AnnularSkewnes","AnnularKurtosis","ShockPerEntrance"
"15140A",1,"conflict.trained","trained","Hab",1,"Off","15140B",22.68,3.78,3.07,0.479,28,24.63,1.09,4.56,1.12,0,53,2.15,59.97,2.59,7.85,94.665,0.2277,0.2583,0.1788,0.3352,0.11,330.67,60,0.88,3.13,0
"15140A",1,"conflict.trained","trained","T1",2,"On","15140B",19.36,3.23,2.78,0.4016,6,9.83,0.62,16.42,0.3,7,327,11.7,18.3,1.23,6.53,8.433,0.0211,0.6961,0.2049,0.0779,0.65,112.66,130,1.81,6.7,1.16666666666667
"15140A",1,"conflict.trained","trained","T2",3,"On","15140B",15.01,2.5,2.68,0.317,2,118.37,3.17,2.31,0.11,3,312,4.98,287.63,8.54,3.73,3.366,0.0092,0.6413,0.3245,0.025,0.78,124.87,150,1.87,8.91,1.5
"15140A",1,"conflict.trained","trained","T3",4,"On","15140B",14.39,2.4,2.78,0.3122,3,256.53,7.48,4.26,0.17,3,256,7.48,447.8,12.74,1.56,2.498,0.0069,0.579,0.4018,0.0123,0.8,128.39,150,2.84,12.51,1
"15140A",2,"conflict.trained","trained","Retest",5,"On","15140B",14.04,2.34,3.11,0.2895,1,432.07,10.56,9.38,0.06,1,432,10.56,599.97,15.66,-1,1.067,0.0026,0.2945,0.63,0.0729,0.72,159.36,170,2.42,11.83,1
"15140A",2,"conflict.trained","trained","T4_C1",6,"On","15140B",12.5,2.08,2.52,0.3107,10,0.87,0,-1,0.56,13,447,1.82,25.9,0.75,16.19,17.735,0.0339,0.0195,0.1561,0.7905,0.67,257.9,280,0.98,4.65,1.3
"15140A",2,"conflict.trained","trained","T5_C2",7,"On","15140B",13.47,2.24,2.94,0.2874,5,170.4,3.95,1.29,0.31,6,211,4.84,182.33,4.28,6.63,7.334,0.013,0.1464,0.3626,0.4781,0.48,209.14,260,1.26,5.54,1.2
"15140A",2,"conflict.trained","trained","T6_C3",8,"On","15140B",14.97,2.5,2.44,0.38,2,428.83,11.68,6.85,0.12,2,428,11.68,594.13,16.34,1.48,1.633,0.0028,0.0594,0.4977,0.4401,0.67,202.14,230,0.97,4.45,1
"15140A",3,"conflict.trained","trained","Retention",9,"Off","15140B",14.37,2.39,3.21,0.2926,4,102.43,2.82,18.87,0.22,0,337,9.19,440.07,13.07,19.95,16.466,0.0286,0.093,0.4489,0.4296,0.53,200.37,250,1.46,8.53,0
"15140B",1,"conflict.yoked","yoked","Hab",1,"Off","15140A",22.44,3.74,3.02,0.4984,35,20.1,0.61,7.29,1.41,0,57,2.16,23.37,0.69,3.3,98.704,0.2476,0.2118,0.2462,0.2945,0.08,286.89,20,0.82,3.01,0
"15140B",1,"conflict.yoked","yoked","T1",2,"On","15140A",17.31,2.88,2.68,0.3978,25,10.37,0.62,6.71,1.32,7,60,2.11,26.9,1.35,2.67,188.835,0.4678,0.2931,0.1228,0.1163,0.44,34.54,50,1.91,8.16,0.28
"15140B",1,"conflict.yoked","yoked","T2",3,"On","15140A",11.97,2,2.33,0.283,9,31.1,0.54,2.13,0.55,3,313,7.07,85.47,1.59,0.78,57.765,0.1427,0.3113,0.3761,0.1699,0.29,146.03,190,2.2,10.38,0.333333333333333
"15140B",1,"conflict.yoked","yoked","T3",4,"On","15140A",16.47,2.75,2.87,0.3757,23,22.93,0.63,2.24,1.12,3,56,1.97,41.63,1.49,3.93,127.233,0.3168,0.2988,0.1796,0.2048,0.2,38.59,110,1.79,7.61,0.130434782608696
"15140B",2,"conflict.yoked","yoked","Retest",5,"On","15140A",10.32,1.72,1.74,0.3427,24,0.53,0,-1,1.54,1,63,0.88,51.07,0.73,1.26,133.164,0.333,0.207,0.1815,0.2785,0.16,340.18,30,1.09,4.28,0.0416666666666667
"15140B",2,"conflict.yoked","yoked","T4_C1",6,"On","15140A",12.6,2.1,2.82,0.2826,23,21.83,0.4,1.61,1.37,13,87,2.67,73.3,2.19,1.61,164.066,0.429,0.3221,0.1077,0.1411,0.39,46.81,140,2.28,11.91,0.565217391304348
"15140B",2,"conflict.yoked","yoked","T5_C2",7,"On","15140A",20.27,3.38,3.32,0.4089,15,31.03,0.74,2.35,0.65,6,105,5.7,47.63,1.89,10.97,58.601,0.1179,0.2319,0.3962,0.2539,0.17,146.96,200,1.5,5.75,0.4
"15140B",2,"conflict.yoked","yoked","T6_C3",8,"On","15140A",9.2,1.53,1.89,0.2762,9,61.77,0.19,0.49,0.76,2,224,0.41,78.83,0.24,1.13,62.799,0.1123,0.2088,0.4883,0.1905,0.36,158.2,200,0.57,1.82,0.222222222222222
"15140B",3,"conflict.yoked","yoked","Retention",9,"Off","15140A",17.31,2.89,2.95,0.3889,12,65.8,2.22,23.87,0.61,0,111,3.1,69.8,2.42,7.08,59.036,0.1094,0.2551,0.3921,0.2434,0.27,152.05,200,1.38,4.8,0
"15140C",1,"standard.trained","trained","Hab",1,"Off","15140D",22.76,3.79,3.19,0.4678,28,0.53,0,-1,1.14,0,62,4.36,11.3,0.8,9.86,114.934,0.2772,0.2821,0.2146,0.2261,0.1,46.7,150,1.14,3.89,0
"15140C",1,"standard.trained","trained","T1",2,"On","15140D",14.69,2.45,2.34,0.3655,6,1.73,0.02,2.39,0.37,6,408,11.56,70.67,1.73,5.04,6.333,0.0166,0.1955,0.5633,0.2246,0.59,180.96,230,0.88,3.33,1
"15140C",1,"standard.trained","trained","T2",3,"On","15140D",14.95,2.49,2.85,0.3184,7,9.8,0.2,9.37,0.38,7,288,8.32,48.47,1.06,2.04,5.766,0.0142,0.2915,0.4241,0.2702,0.45,181.11,260,2.13,10.34,1
"15140C",1,"standard.trained","trained","T3",4,"On","15140D",13.99,2.33,2.94,0.2868,6,4.27,0.08,1.89,0.32,8,269,7.86,18.47,0.61,1.91,10.334,0.0268,0.774,0.1992,0,0.79,108.38,130,0.59,2.58,1.33333333333333
"15140C",2,"standard.trained","trained","Retest",5,"On","15140D",15.98,2.66,3.41,0.3059,7,17.57,0.72,1.34,0.34,10,206,8.95,29,1.17,16.91,12.901,0.031,0.211,0.5442,0.2138,0.52,183.62,230,2.3,9.84,1.42857142857143
"15140C",2,"standard.trained","trained","T4_C1",6,"On","15140D",16.29,2.72,3.21,0.3341,3,257.83,8.59,9.54,0.15,3,257,8.59,321.23,10.95,1.61,4.5,0.0107,0.1974,0.4619,0.33,0.52,198.38,250,0.8,3.78,1
"15140C",2,"standard.trained","trained","T5_C2",7,"On","15140D",15.23,2.54,2.9,0.3321,7,71.33,1.69,2.1,0.38,8,184,4.88,144.73,3.7,2.03,9.968,0.0241,0.7447,0.1949,0.0363,0.72,108.51,120,2.37,10.02,1.14285714285714
"15140C",2,"standard.trained","trained","T6_C3",8,"On","15140D",13.06,2.18,2.37,0.3426,0,599.97,15.48,-1,0,0,599,15.48,599.97,15.48,-1,0,0,0.0573,0.6194,0.3233,0.78,213,230,1.58,6.58,0
"15140C",3,"standard.trained","trained","Retention",9,"Off","15140D",13.97,2.33,2.39,0.352,0,599.97,16.06,-1,0,0,599,16.06,599.97,16.06,-1,0.833,0.0021,0.0389,0.6373,0.3218,0.72,206.02,240,1.43,6.63,0
"15140D",1,"standard.yoked","yoked","Hab",1,"Off","15140C",30.73,5.12,4.18,0.5405,35,8.8,0.47,9.58,1.08,0,45,3.29,18.47,1.41,12.52,107.802,0.2634,0.2157,0.2261,0.2948,0.04,278.87,260,1.27,4.8,0
"15140D",1,"standard.yoked","yoked","T1",2,"On","15140C",18.23,3.04,2.74,0.421,25,21.8,1.02,12.26,1.18,6,81,3.16,48.3,1.95,4.42,97.999,0.2556,0.1097,0.2727,0.362,0.21,257.84,300,1.24,4.63,0.24
"15140D",1,"standard.yoked","yoked","T2",3,"On","15140C",13.22,2.2,2.23,0.3193,12,33.7,0.87,2.17,0.68,7,145,3.82,47.57,1.17,10.35,55.268,0.1431,0.2354,0.3438,0.2776,0.2,170.52,240,1.98,7.6,0.583333333333333
"15140D",1,"standard.yoked","yoked","T3",4,"On","15140C",14.14,2.36,2.67,0.3477,8,66.5,2.39,1.22,0.42,8,215,4.49,159.07,5.38,19.72,41.531,0.1044,0.2692,0.4637,0.1628,0.35,165.06,200,1.75,7.46,1
"15140D",2,"standard.yoked","yoked","Retest",5,"On","15140C",13.85,2.31,3.06,0.2782,15,14.97,0.32,1.57,0.77,10,87,3.37,35.6,1.39,9.5,83.503,0.2176,0.3692,0.2663,0.1468,0.27,103.06,160,1.87,6.93,0.666666666666667
"15140D",2,"standard.yoked","yoked","T4_C1",6,"On","15140C",13.03,2.17,2.61,0.3044,15,53.23,0.91,2.25,0.77,3,122,2.67,140.43,2.97,1.69,79.828,0.2272,0.3163,0.2521,0.2044,0.11,99.16,190,2.08,9.3,0.2
"15140D",2,"standard.yoked","yoked","T5_C2",7,"On","15140C",5.78,0.96,1.5,0.1659,14,40.27,0.7,1.82,1.06,8,60,1.2,55.8,1.11,2.73,109.5,0.2808,0.2616,0.2123,0.2453,0.09,15.17,70,2.13,10.9,0.571428571428571
"15140D",2,"standard.yoked","yoked","T6_C3",8,"On","15140C",5.77,0.96,1.25,0.1722,14,36.43,0.59,1.69,1.08,0,64,1.03,100,1.62,1.56,103.202,0.2547,0.2791,0.2649,0.2013,0.08,92.25,160,1.64,6.21,0
"15140D",3,"standard.yoked","yoked","Retention",9,"Off","15140C",10.36,1.73,1.98,0.2509,14,48.93,0.86,1.96,0.82,0,115,2.21,102.03,1.96,1.96,82.302,0.1617,0.2329,0.3298,0.2755,0.1,143.83,230,1.69,5.95,0
"15141C",1,"standard.trained","trained","Hab",1,"Off","15141D",26.98,4.5,3.96,0.4678,23,14.3,0.84,17.47,0.81,0,90,5.47,25.57,1.58,17.5,83.731,0.2069,0.3228,0.1702,0.3001,0.05,11.68,50,1.45,5.19,0
"15141C",1,"standard.trained","trained","T1",2,"On","15141D",17.09,2.85,2.53,0.3778,8,1.37,0.04,6.92,0.43,8,249,7.59,56.47,1.92,2.87,8.001,0.0201,0.3376,0.4619,0.1804,0.48,163.4,190,1.89,7.59,1
"15141C",1,"standard.trained","trained","T2",3,"On","15141D",15.19,2.53,3.1,0.2832,19,33.1,0.52,1.99,0.95,19,131,3.53,61.53,1.31,1.91,18.398,0.047,0.5266,0.278,0.1484,0.42,116.8,120,1.05,3.99,1
"15141C",1,"standard.trained","trained","T3",4,"On","15141D",13.04,2.17,2.85,0.2624,10,32,0.52,1.81,0.54,11,118,3.46,77.23,1.96,1.89,9.433,0.0231,0.5831,0.2738,0.1199,0.51,118.61,130,2.18,9.96,1.1
"15141C",2,"standard.trained","trained","Retest",5,"On","15141D",20.36,3.39,4.03,0.2666,7,41.17,0.84,1.96,0.31,7,355,13.05,70.4,2.24,2.18,8.133,0.0196,0.2927,0.5434,0.1443,0.54,154.94,200,2.55,13.39,1
"15141C",2,"standard.trained","trained","T4_C1",6,"On","15141D",13.38,2.23,2.82,0.2786,10,39.7,0.92,2.04,0.57,10,195,5.86,55,1.37,1.97,8.064,0.0203,0.5017,0.392,0.0861,0.61,129.33,160,2.48,12.38,1
"15141C",2,"standard.trained","trained","T5_C2",7,"On","15141D",13.17,2.19,2.84,0.2529,7,0.33,0,-1,0.39,7,234,7.05,35,1.12,14,3.901,0.0095,0.3852,0.4381,0.1671,0.46,151.12,190,2.59,14.43,1
"15141C",2,"standard.trained","trained","T6_C3",8,"On","15141D",12.15,2.02,3.08,0.2133,12,3.13,0.06,2.1,0.68,12,113,3.16,28.37,0.78,2.17,6,0.016,0.6278,0.3118,0.0443,0.67,116.37,140,3.93,24.59,1
"15141C",3,"standard.trained","trained","Retention",9,"Off","15141D",12.29,2.05,2.2,0.2746,8,30.53,0.79,1.91,0.51,0,172,3.07,83.57,1.84,1.69,35.798,0.0909,0.2891,0.2836,0.3365,0.3,186.05,270,1.78,6.91,0
"15141D",1,"standard.yoked","yoked","Hab",1,"Off","15141C",28.76,4.79,3.92,0.5142,29,2.13,0.15,3.76,0.97,0,77,5.1,12.07,0.76,7.28,102.096,0.2473,0.2709,0.2433,0.2385,0.07,150.85,230,1.22,4.2,0
"15141D",1,"standard.yoked","yoked","T1",2,"On","15141C",17.48,2.91,2.63,0.4043,20,1.07,0.04,4.3,1.02,8,97,2.52,47.5,1.03,3.8,106.666,0.2772,0.2291,0.1665,0.3273,0.15,312.12,350,1.32,4.21,0.4
"15141D",1,"standard.yoked","yoked","T2",3,"On","15141C",17.96,2.99,3.43,0.2981,19,16.23,0.25,1.19,0.89,19,68,1.64,32,0.47,15.63,109.302,0.2636,0.2876,0.1872,0.2615,0.03,53.78,120,1.41,6.26,1
"15141D",1,"standard.yoked","yoked","T3",4,"On","15141C",13.96,2.33,3.42,0.2437,11,43.47,1.44,31.73,0.54,11,188,7.26,65.7,2.04,27.18,57.465,0.1422,0.3332,0.3802,0.1444,0.25,132.91,180,2.42,13.12,1
"15141D",2,"standard.yoked","yoked","Retest",5,"On","15141C",10.23,1.71,3,0.1948,15,35.43,0.7,1.69,0.84,7,58,1.56,89.27,2.79,1.89,106.466,0.2665,0.221,0.2514,0.2611,0.05,291.95,340,2.38,10,0.466666666666667
"15141D",2,"standard.yoked","yoked","T4_C1",6,"On","15141C",14.6,2.43,3.39,0.2827,14,48.2,0.94,1.96,0.71,10,87,1.7,106.57,2.1,1.34,95.93,0.2485,0.1486,0.3068,0.2961,0.15,272.34,320,1.8,7.68,0.714285714285714
"15141D",2,"standard.yoked","yoked","T5_C2",7,"On","15141C",14.81,2.47,3.66,0.2506,16,28.77,0.67,31.15,0.76,7,113,4.1,90.27,3.62,24.41,69.502,0.1776,0.1501,0.3236,0.3487,0.23,241.93,280,2.09,7.92,0.4375
"15141D",2,"standard.yoked","yoked","T6_C3",8,"On","15141C",14.94,2.49,3.7,0.2555,13,41.1,1.7,21.9,0.61,12,112,3.99,61.4,2.33,1.47,75.6,0.2022,0.3302,0.2668,0.2008,0.14,128.75,180,2.47,11.61,0.923076923076923
"15141D",3,"standard.yoked","yoked","Retention",9,"Off","15141C",8.98,1.5,1.88,0.2241,19,19.13,0.52,1.61,1.29,0,66,1.35,78.2,1.55,1.75,133.5,0.3379,0.2615,0.169,0.2315,0.18,0.71,80,1.45,4.27,0
"15142A",1,"conflict.trained","trained","Hab",1,"Off","15142B",29.26,4.88,4.07,0.4975,34,17.43,0.95,18.08,1.09,0,40,2.21,41.2,2.33,13.86,97.965,0.2498,0.2483,0.2645,0.2374,0.05,176.15,160,1.73,6.39,0
"15142A",1,"conflict.trained","trained","T1",2,"On","15142B",15.14,2.52,2.47,0.3297,7,3.83,0.29,14.99,0.41,7,220,3.88,6.6,0.66,12.19,4.668,0.0124,0.4574,0.4672,0.063,0.65,140.21,160,1.16,4.26,1
"15142A",1,"conflict.trained","trained","T2",3,"On","15142B",13.89,2.32,2.32,0.3474,3,8.17,0.31,11.25,0.2,4,537,1.5,49.2,1.65,1.69,4.434,0.0121,0.1849,0.6363,0.1667,0.65,189.32,240,3.03,23.97,1.33333333333333
"15142A",1,"conflict.trained","trained","T3",4,"On","15142B",13.93,2.32,2.87,0.2641,2,94.27,2.34,1.75,0.12,2,502,2.34,97.93,2.54,10.66,2.798,0.0067,0.2291,0.7642,0,0.79,154.8,180,0.93,12.45,1
"15142A",2,"conflict.trained","trained","Retest",5,"On","15142B",14.42,2.4,2.86,0.2981,0,599.97,15.84,-1,0,0,599,15.84,599.97,15.84,-1,0.067,2e-04,0.0359,0.6028,0.3611,0.74,207.36,250,3.14,65.45,0
"15142A",2,"conflict.trained","trained","T4_C1",6,"On","15142B",13.56,2.26,3.01,0.2628,7,33.77,0.84,1.75,0.39,7,322,6.15,41.87,1.1,1.91,8.499,0.0158,0.0872,0.0212,0.8758,0.66,263.5,270,-0.58,2.37,1
"15142A",2,"conflict.trained","trained","T5_C2",7,"On","15142B",19.17,3.2,4.15,0.2791,3,5.1,0.34,1.82,0.17,3,334,5.57,100.97,3.46,1.82,3.067,0.0052,0.0426,0.6602,0.292,0.76,192.45,210,-0.09,2.72,1
"15142A",2,"conflict.trained","trained","T6_C3",8,"On","15142B",14.34,2.39,2.56,0.3225,3,322.7,9.21,7.19,0.16,3,322,9.21,491.4,14.34,1.34,2.867,0.0049,0.1,0.6342,0.261,0.71,184.58,210,0.78,6.01,1
"15142A",3,"conflict.trained","trained","Retention",9,"Off","15142B",14.77,2.46,2.43,0.3674,3,140.2,3.34,1.91,0.19,0,308,7.72,171.77,4.06,1.89,11.268,0.0203,0.5307,0.4368,0.0122,0.76,113.26,120,1.47,7.21,0
"15142B",1,"conflict.yoked","yoked","Hab",1,"Off","15142A",25.03,4.17,3.49,0.4905,30,16.17,1.11,18.95,1.12,0,58,3.54,29.1,1.81,10.13,109.031,0.2565,0.291,0.2232,0.2293,0.1,67.03,150,1.5,5.29,0
"15142B",1,"conflict.yoked","yoked","T1",2,"On","15142A",17.14,2.86,2.71,0.3821,17,2.87,0.22,14.88,0.94,7,109,3.87,11.17,0.93,3.07,115.865,0.286,0.2517,0.0342,0.4281,0.27,340.96,40,1.52,6.82,0.411764705882353
"15142B",1,"conflict.yoked","yoked","T2",3,"On","15142A",13.66,2.28,2.71,0.3264,3,11.73,0.42,20.17,0.19,4,481,12.53,37.43,1.32,1.82,32.301,0.085,0.0393,0.6757,0.2,0.68,205.55,220,0.79,3.88,1.33333333333333
"15142B",1,"conflict.yoked","yoked","T3",4,"On","15142A",14.7,2.45,3.3,0.2861,5,94.37,2.66,13.31,0.28,2,417,12.85,142.57,5.32,1.98,33,0.0825,0.0731,0.1999,0.6446,0.59,247.1,260,2.91,17.89,0.4
"15142B",2,"conflict.yoked","yoked","Retest",5,"On","15142A",15.41,2.57,2.86,0.3272,6,88.6,2.32,1.93,0.35,0,231,5.88,319.63,8.01,9.93,73.032,0.1805,0.1568,0.206,0.4567,0.35,271.16,320,1.88,8.8,0
"15142B",2,"conflict.yoked","yoked","T4_C1",6,"On","15142A",17.37,2.9,3.52,0.3306,10,9.63,0.17,1.96,0.49,7,169,6.91,85.27,3.66,21.78,64.264,0.1194,0.3454,0.3838,0.1513,0.39,119.44,130,1.75,9.87,0.7
"15142B",2,"conflict.yoked","yoked","T5_C2",7,"On","15142A",16.21,2.7,4.04,0.2254,7,1.03,0,1.76,0.43,3,273,3.12,32.4,1.06,2.24,31.368,0.0589,0.1476,0.508,0.2855,0.41,177.64,230,2.08,11.01,0.428571428571429
"15142B",2,"conflict.yoked","yoked","T6_C3",8,"On","15142A",15.4,2.57,3.03,0.3115,15,3.47,0.13,15.93,0.82,3,122,3.76,51.23,1.7,1.82,108.367,0.2071,0.4371,0.1794,0.1764,0.31,68.98,120,1.29,5.51,0.2
"15142B",3,"conflict.yoked","yoked","Retention",9,"Off","15142A",15.57,2.68,2.55,0.3876,12,157.7,3.67,10.73,0.7,0,157,3.67,165.93,3.97,7.13,77.468,0.1527,0.0611,0.3992,0.387,0.29,228.7,260,2.03,9.86,0
"15142C",1,"standard.trained","trained","Hab",1,"Off","15142D",29.65,4.94,4.07,0.5227,34,0.5,0,-1,1.07,0,55,4.63,10.3,0.93,14.6,96.867,0.2343,0.1785,0.2963,0.2908,0.1,250.81,330,1.64,5.43,0
"15142C",1,"standard.trained","trained","T1",2,"On","15142D",14.92,2.49,2.46,0.3279,5,5.43,0.36,18.59,0.29,5,442,2.06,18.17,1.04,2.82,4.998,0.0126,0.4273,0.4955,0.0645,0.62,142.61,180,1.89,8.68,1
"15142C",1,"standard.trained","trained","T2",3,"On","15142D",15.25,2.54,2.37,0.3686,1,454.63,11.72,3.51,0.06,1,454,11.72,599.97,15.99,-1,0.7,0.0019,0.224,0.6767,0.0974,0.74,156.69,170,2.39,11.25,1
"15142C",1,"standard.trained","trained","T3",4,"On","15142D",15.43,2.57,3.06,0.3458,1,64.83,1.16,1.82,0.07,1,535,1.16,599.97,14.98,-1,0.767,0.0019,0.3997,0.5756,0.0227,0.81,141.95,160,1.57,8.38,1
"15142C",2,"standard.trained","trained","Retest",5,"On","15142D",13.72,2.29,2.23,0.3753,1,148.13,3.5,1.75,0.07,1,451,3.5,599.97,14.41,-1,0.701,0.0017,0.1063,0.8583,0.0338,0.82,164.08,180,2.11,15.62,1
"15142C",2,"standard.trained","trained","T4_C1",6,"On","15142D",13.8,2.3,2.2,0.3786,0,599.97,14.26,-1,0,0,599,14.26,599.97,14.26,-1,0,0,0.0497,0.9132,0.037,0.86,176.32,190,1.58,8.85,0
"15142C",2,"standard.trained","trained","T5_C2",7,"On","15142D",13.9,2.32,2.14,0.3849,0,599.97,14.13,-1,0,0,599,14.13,599.97,14.13,-1,0,0,0.1729,0.7762,0.0508,0.8,163.69,180,2.08,11.93,0
"15142C",2,"standard.trained","trained","T6_C3",8,"On","15142D",13.09,2.18,1.96,0.3901,0,599.97,12.79,-1,0,0,599,12.79,599.97,12.79,-1,0,0,0.0209,0.9578,0.0213,0.87,173.55,190,1.93,9.73,0
"15142C",4,"standard.trained","trained","Retention",9,"Off","15142D",18.52,3.09,2.67,0.4565,3,482.43,13.14,2.73,0.17,0,482,13.14,544.53,15.36,2.97,18.1,0.0445,0.1189,0.7355,0.1011,0.65,173.07,180,2.41,9.87,0
"15142D",1,"standard.yoked","yoked","Hab",1,"Off","15142C",13.11,2.19,1.98,0.342,19,24.33,0.28,0.7,1.28,0,65,0.93,61.1,0.85,1.13,105.467,0.2676,0.4001,0.2192,0.1131,0.29,90.12,140,0.33,2.81,0
"15142D",1,"standard.yoked","yoked","T1",2,"On","15142C",8.33,1.39,1.86,0.2135,12,58.43,1.51,1.1,0.94,5,102,2.58,120.8,3.14,2.54,97.802,0.2407,0.1179,0.2734,0.3681,0.25,267.26,340,0.78,3.87,0.416666666666667
"15142D",1,"standard.yoked","yoked","T2",3,"On","15142C",12.2,2.03,1.94,0.3059,16,9.6,0.15,1.69,1.04,1,119,2.62,129.57,2.87,5.64,98.433,0.2485,0.2762,0.226,0.2493,0.06,37.71,110,1.13,4.65,0.0625
"15142D",1,"standard.yoked","yoked","T3",4,"On","15142C",8.47,1.41,1.38,0.2523,15,34.17,0.63,2.04,1.25,1,80,1.68,92.97,1.9,1.75,115.302,0.3034,0.4076,0.1221,0.1669,0.28,66.78,140,0.29,1.97,0.0666666666666667
"15142D",2,"standard.yoked","yoked","Retest",5,"On","15142C",7.71,1.29,1.38,0.2363,15,21.23,0.38,1.96,1.24,1,71,1.33,79.2,1.49,1.82,115.436,0.2812,0.3485,0.1799,0.1904,0.17,70.24,120,0.52,2.62,0.0666666666666667
"15142D",2,"standard.yoked","yoked","T4_C1",6,"On","15142C",9.7,1.62,1.58,0.3006,12,54.77,1.11,1.82,0.98,0,170,3.23,69.57,1.36,3.98,90.399,0.2155,0.2772,0.3749,0.1324,0.22,131.95,190,0.57,3.24,0
"15142D",2,"standard.yoked","yoked","T5_C2",7,"On","15142C",7.38,1.23,1.28,0.2337,8,21.1,0.3,1.34,0.72,0,150,2.33,86.47,1.23,1.26,77.899,0.1988,0.365,0.2395,0.1967,0.24,128.7,210,1.02,3.46,0
"15142D",2,"standard.yoked","yoked","T6_C3",8,"On","15142C",8.87,1.48,1.46,0.2771,15,29.93,0.55,2.04,1.2,0,114,2.31,44.73,0.84,14.72,112.938,0.286,0.2493,0.2758,0.1889,0.13,108.92,160,0.57,2.72,0
"15142D",4,"standard.yoked","yoked","Retention",9,"Off","15142C",20.53,3.42,2.75,0.4658,22,7.93,0.27,3.22,1.07,0,53,1.5,29,0.66,6.86,96.399,0.2346,0.2515,0.2316,0.2823,0.06,296.04,70,1.02,3.5,0
"15143A",1,"conflict.trained","trained","Hab",1,"Off","15143B",21.38,3.56,3.12,0.4609,29,12.43,0.76,11.74,1.16,0,78,4.71,26.4,1.52,5.98,105.065,0.2768,0.1913,0.2475,0.2844,0.11,304.23,30,1.73,6.43,0
"15143A",1,"conflict.trained","trained","T1",2,"On","15143B",16.29,2.71,2.96,0.334,10,3.67,0.19,10.05,0.52,10,177,5.36,61.6,1.71,2.52,8.202,0.0215,0.2897,0.4949,0.1939,0.48,162.32,210,2.21,9.08,1
"15143A",1,"conflict.trained","trained","T2",3,"On","15143B",12.77,2.13,2.51,0.3056,3,27,0.58,1.97,0.18,3,382,10.62,120.53,3.25,1.82,2.301,0.0056,0.3894,0.5841,0.0209,0.76,143.11,170,3.34,19.81,1
"15143A",1,"conflict.trained","trained","T3",4,"On","15143B",13.87,2.31,2.4,0.3501,1,585.8,15.72,1.23,0.06,1,585,15.72,599.97,16.22,-1,0.633,0.0017,0.3282,0.6701,0,0.87,143.8,160,3.17,17.42,1
"15143A",2,"conflict.trained","trained","Retest",5,"On","15143B",17.42,2.9,3.45,0.3145,2,98.2,2.28,1.82,0.12,2,385,10.53,483.97,13.46,6.27,1.299,0.0033,0.4741,0.4828,0.0398,0.73,138.3,160,3.63,23.89,1
"15143A",2,"conflict.trained","trained","T4_C1",6,"On","15143B",13.01,2.17,2.87,0.2704,12,0.5,0,-1,0.59,14,245,8.84,4.83,0.2,7.67,16.098,0.0342,0.0164,0.0431,0.9063,0.8,278.8,300,2.3,17.34,1.16666666666667
"15143A",2,"conflict.trained","trained","T5_C2",7,"On","15143B",11.6,1.93,2.7,0.2416,2,278.13,7.88,2.03,0.12,2,317,7.88,282.47,8.09,4.69,2.1,0.0036,0.0129,0.3765,0.607,0.75,222.68,240,1.66,8.24,1
"15143A",2,"conflict.trained","trained","T6_C3",8,"On","15143B",14.06,2.34,2.5,0.3203,1,487.9,13.89,5.16,0.06,1,487,13.89,599.97,17.18,-1,0.9,0.0016,0.0211,0.452,0.5253,0.7,214.88,230,1.78,7.19,1
"15143A",3,"conflict.trained","trained","Retention",9,"Off","15143B",6.64,1.11,1.43,0.1823,8,44.2,0.92,1.75,0.61,0,130,2.8,88.87,1.95,2.17,61.634,0.1122,0.2187,0.4063,0.2628,0.29,159.69,210,1.85,7.9,0
"15143B",1,"conflict.yoked","yoked","Hab",1,"Off","15143A",25.64,4.27,3.67,0.4991,36,8.43,0.56,16.22,1.23,0,36,2.51,19,1.24,18.41,134.705,0.3323,0.3049,0.182,0.1808,0.19,43.44,90,1.59,5.85,0
"15143B",1,"conflict.yoked","yoked","T1",2,"On","15143A",15.64,2.61,2.72,0.387,26,0.53,0,-1,1.56,10,64,1.79,10.43,0.53,6.85,212.139,0.5451,0.0921,0.0638,0.299,0.51,335.83,10,3.11,14.39,0.384615384615385
"15143B",1,"conflict.yoked","yoked","T2",3,"On","15143A",14.38,2.4,2.43,0.358,12,30.93,0.9,5.87,0.75,3,130,3.09,109.8,2.38,1.96,117.163,0.3078,0.1843,0.2333,0.2746,0.13,299.31,10,1.72,9.01,0.25
"15143B",1,"conflict.yoked","yoked","T3",4,"On","15143A",12.96,2.16,2.22,0.3251,16,19.23,0.34,1.61,0.99,1,125,2.23,75.93,1.34,1.69,99.7,0.2509,0.2331,0.3324,0.1837,0.11,140.83,290,1.9,7.94,0.0625
"15143B",2,"conflict.yoked","yoked","Retest",5,"On","15143A",14.64,2.44,2.44,0.3713,16,25.1,0.44,1.69,0.93,2,131,2.66,80.27,1.51,1.75,126.597,0.3261,0.1978,0.2345,0.2416,0.09,26.21,320,3.62,21.37,0.125
"15143B",2,"conflict.yoked","yoked","T4_C1",6,"On","15143A",15.58,2.6,3.51,0.2661,12,44.8,1.6,1.88,0.58,14,144,4.62,106.93,2.75,1.75,66.133,0.1286,0.2156,0.3605,0.2953,0.16,164.98,240,2.2,9.2,1.16666666666667
"15143B",2,"conflict.yoked","yoked","T5_C2",7,"On","15143A",11.24,1.87,1.98,0.3072,16,10.4,0.18,1.96,0.97,2,72,1.48,36.37,0.85,1.82,99.234,0.1956,0.1506,0.3253,0.3285,0.09,239.96,300,1.61,6.88,0.125
"15143B",2,"conflict.yoked","yoked","T6_C3",8,"On","15143A",11.41,1.9,2.13,0.2938,24,35.93,0.78,1.96,1.48,1,61,1.25,96.97,1.93,1.55,220.395,0.4508,0.1008,0.1914,0.257,0.34,338.63,20,1.73,6.53,0.0416666666666667
"15143B",3,"conflict.yoked","yoked","Retention",9,"Off","15143A",14.42,2.4,2.38,0.3698,23,94.93,2.33,9.06,1.3,0,94,2.33,113.77,2.86,20.73,153.8,0.3177,0.1513,0.1644,0.3666,0.26,330.88,30,1.26,4.68,0
"15143C",1,"standard.trained","trained","Hab",1,"Off","15143D",25.78,4.3,3.44,0.5004,31,0.53,0,-1,1.15,0,46,2.28,7.3,0.31,3.93,96.04,0.2497,0.3902,0.1998,0.1603,0.21,72.85,160,1.58,5.59,0
"15143C",1,"standard.trained","trained","T1",2,"On","15143D",19.91,3.32,3.32,0.3674,10,4.13,0.3,6.01,0.45,10,161,3.38,112.03,3.5,10.43,9.198,0.024,0.2208,0.5306,0.2246,0.48,173.35,200,2.02,8.46,1
"15143C",1,"standard.trained","trained","T2",3,"On","15143D",12.26,2.04,2.39,0.2837,3,25.37,0.44,2.04,0.19,3,441,2.09,112.2,2.58,1.96,2.499,0.0061,0.4628,0.494,0.0372,0.69,140.58,170,2.42,14.46,1
"15143C",1,"standard.trained","trained","T3",4,"On","15143D",13.11,2.18,2.31,0.3188,1,306.87,7.95,5.34,0.06,1,306,7.95,599.97,15.47,-1,0.733,0.0018,0.28,0.6767,0.0415,0.77,154.03,170,2.14,11.23,1
"15143C",2,"standard.trained","trained","Retest",5,"On","15143D",13.9,2.32,2.54,0.3435,2,275.53,6.7,4.68,0.13,2,275,6.7,519.2,13.36,4.71,1.3,0.0034,0.1367,0.704,0.1558,0.7,185.73,230,3.58,19.76,1
"15143C",2,"standard.trained","trained","T4_C1",6,"On","15143D",13.88,2.31,2.64,0.3168,0,599.97,16.08,-1,0,0,599,16.08,599.97,16.08,-1,0,0,0.1639,0.7016,0.1346,0.7,179.86,200,3,18.48,0
"15143C",2,"standard.trained","trained","T5_C2",7,"On","15143D",12.53,2.09,2.54,0.3004,1,18.77,0.7,2.92,0.06,1,581,0.7,599.97,15.42,-1,1.233,0.003,0.0763,0.8419,0.0788,0.8,180.36,200,2.23,12.12,1
"15143C",2,"standard.trained","trained","T6_C3",8,"On","15143D",13.46,2.24,2.32,0.3549,0,599.97,14.58,-1,0,0,599,14.58,599.97,14.58,-1,0,0,0.0995,0.5978,0.3027,0.68,198.78,220,1.81,7.4,0
"15143C",3,"standard.trained","trained","Retention",9,"Off","15143D",13.1,2.18,2.23,0.3409,1,516.47,12,0.78,0.07,0,516,12,599.97,14.7,-1,1.633,0.0039,0.2769,0.6295,0.0896,0.69,162.03,190,2.54,10.83,0
"15143D",1,"standard.yoked","yoked","Hab",1,"Off","15143C",29.94,4.99,3.85,0.5556,38,30.47,1.81,15.95,1.22,0,30,1.81,45.27,3.02,13.07,95.336,0.2326,0.2924,0.2684,0.2066,0.09,107.35,180,1.2,3.98,0
"15143D",1,"standard.yoked","yoked","T1",2,"On","15143C",18.24,3.04,3.07,0.3823,26,2.13,0.13,10.33,1.21,10,71,1.86,43.17,1.21,7.37,92.534,0.2426,0.2798,0.1887,0.2889,0.04,45.72,130,1.31,5.04,0.384615384615385
"15143D",1,"standard.yoked","yoked","T2",3,"On","15143C",8.47,1.41,1.76,0.2306,8,82.33,1.96,1.96,0.55,3,123,2.87,205.8,4.98,8.46,54.271,0.1405,0.2578,0.3586,0.2432,0.26,163.3,220,2.25,8.76,0.375
"15143D",1,"standard.yoked","yoked","T3",4,"On","15143C",12.48,2.08,2.06,0.3285,21,0.53,0,-1,1.35,1,87,2.37,18.63,0.45,1.82,146.434,0.3797,0.1786,0.1816,0.2601,0.17,348.77,50,1.56,6.08,0.0476190476190476
"15143D",2,"standard.yoked","yoked","Retest",5,"On","15143C",7.83,1.31,1.75,0.2216,16,23.07,0.41,2.56,1.09,2,68,1.41,78,1.65,5.39,120.099,0.3007,0.1794,0.2367,0.2832,0.15,312.89,20,1.12,4.08,0.125
"15143D",2,"standard.yoked","yoked","T4_C1",6,"On","15143C",8.19,1.37,1.56,0.2414,13,29.27,0.51,1.82,0.9,0,77,1.37,88.03,1.55,2.17,140.201,0.3443,0.2512,0.2124,0.1921,0.14,45.71,120,1.91,8.99,0
"15143D",2,"standard.yoked","yoked","T5_C2",7,"On","15143C",14.07,2.35,2.54,0.3241,15,6.83,0.21,11.61,0.81,1,104,2.97,12.3,0.4,5.49,85.102,0.2168,0.3341,0.2991,0.15,0.2,127.66,190,1.11,5.13,0.0666666666666667
"15143D",2,"standard.yoked","yoked","T6_C3",8,"On","15143C",5.7,0.95,1.04,0.1928,12,49.87,0.94,1.89,1,0,97,1.89,106.27,2.04,1.82,103.236,0.26,0.281,0.2174,0.2417,0.07,53.71,120,0.93,4.09,0
"15143D",3,"standard.yoked","yoked","Retention",9,"Off","15143C",15.49,2.58,2.36,0.3964,20,23.13,0.37,2.6,1.14,0,94,2.53,33.27,0.55,1.93,131.1,0.3186,0.2691,0.2341,0.1782,0.09,56.01,120,0.85,3.27,0
"15144A",1,"conflict.trained","trained","Hab",1,"Off","15144B",32.31,5.39,4.22,0.5421,33,20.23,0.99,8.1,1.02,0,48,3.28,33,1.9,9.99,122.296,0.3015,0.2639,0.2049,0.2298,0.07,10.31,140,1.93,8.16,0
"15144A",1,"conflict.trained","trained","T1",2,"On","15144B",13.96,2.33,2.73,0.2865,12,7.97,0.23,12.04,0.67,12,97,2.75,31.57,1.33,3.65,9.498,0.0246,0.6286,0.334,0.0128,0.68,115.51,140,2.02,12.41,1
"15144A",1,"conflict.trained","trained","T2",3,"On","15144B",14.99,2.5,2.41,0.3628,4,7.7,0.16,2.31,0.24,4,360,10.26,60.83,1.61,2.39,4.2,0.0107,0.194,0.5808,0.2144,0.57,185.52,230,2.79,14.25,1
"15144A",1,"conflict.trained","trained","T3",4,"On","15144B",16.01,2.67,2.31,0.3982,1,400.93,10.96,2.99,0.06,1,400,10.96,599.97,16.08,-1,1.3,0.0032,0.0464,0.5718,0.3786,0.73,211.05,240,3.62,28.76,1
"15144A",2,"conflict.trained","trained","Retest",5,"On","15144B",13.35,2.23,3.22,0.2413,1,375.97,11.65,10,0.06,1,375,11.65,599.97,17.96,-1,1.3,0.0033,0.1066,0.7817,0.1084,0.71,175.21,190,2.73,14.14,1
"15144A",2,"conflict.trained","trained","T4_C1",6,"On","15144B",12.58,2.1,2.52,0.2998,23,7.73,0.22,26.53,1.22,26,87,3.82,12.63,0.55,1.96,27.469,0.0575,0.2195,0.3776,0.3455,0.17,153.4,160,4.05,22.95,1.1304347826087
"15144A",2,"conflict.trained","trained","T5_C2",7,"On","15144B",14.54,2.42,2.63,0.3584,3,48.6,1.07,1.96,0.19,3,479,1.41,62.27,1.5,1.96,2.567,0.0045,0.3047,0.6393,0.0515,0.75,134.18,160,2.93,20.61,1
"15144A",2,"conflict.trained","trained","T6_C3",8,"On","15144B",15.91,2.65,2.64,0.3564,1,388.47,9.84,2.52,0.06,1,388,9.84,599.97,16.09,-1,0.934,0.0016,0.1818,0.7246,0.0921,0.77,153.52,160,3.79,24.56,1
"15144A",3,"conflict.trained","trained","Retention",9,"Off","15144B",14.51,2.42,2.59,0.3379,0,599.97,16.51,-1,0,0,599,16.51,599.97,16.51,-1,0.034,1e-04,0.1796,0.6695,0.1508,0.71,158.34,170,1.59,8.64,0
"15144B",1,"conflict.yoked","yoked","Hab",1,"Off","15144A",29.93,4.99,4.01,0.5125,33,11.63,0.7,14.26,1.08,0,47,2.95,22.63,1.43,13,110.933,0.2744,0.21,0.2393,0.2764,0.06,313.08,0,1.05,3.81,0
"15144B",1,"conflict.yoked","yoked","T1",2,"On","15144A",13.91,2.32,2.29,0.3401,22,20.13,0.8,1.56,1.32,12,86,2.24,77.83,2.14,4.94,117.771,0.2963,0.126,0.1818,0.396,0.31,286.11,310,1.06,3.74,0.545454545454545
"15144B",1,"conflict.yoked","yoked","T2",3,"On","15144A",12.76,2.13,2.16,0.3138,10,1.57,0.02,1.78,0.64,4,120,3.07,116.83,3,0.99,60.734,0.1659,0.1072,0.2833,0.4436,0.32,250.4,320,2.13,8.86,0.4
"15144B",1,"conflict.yoked","yoked","T3",4,"On","15144A",15.38,2.56,2.37,0.3837,17,1.17,0.02,1.68,1.01,1,80,2.21,19.73,0.38,9.92,131.365,0.326,0.2534,0.246,0.1745,0.15,96.3,140,1.45,5.52,0.0588235294117647
"15144B",2,"conflict.yoked","yoked","Retest",5,"On","15144A",15.68,2.61,2.42,0.4029,22,49.07,1.28,2,1.23,1,82,2.49,66.4,1.91,13.67,106.532,0.2784,0.2218,0.2471,0.2527,0.04,57.56,140,1,3.37,0.0454545454545455
"15144B",2,"conflict.yoked","yoked","T4_C1",6,"On","15144A",19.99,3.33,3.76,0.3724,14,12.07,0.68,18.86,0.61,26,117,5.75,17.63,0.84,1.14,67.968,0.1305,0.2278,0.3831,0.2585,0.2,143.21,220,1.27,4.7,1.85714285714286
"15144B",2,"conflict.yoked","yoked","T5_C2",7,"On","15144A",9.81,1.64,1.88,0.2589,18,13.6,0.24,1.96,1.27,3,80,2.18,49,1.08,15.1,138.605,0.2939,0.1557,0.2077,0.3427,0.24,317.82,10,0.94,3.81,0.166666666666667
"15144B",2,"conflict.yoked","yoked","T6_C3",8,"On","15144A",10.62,1.77,1.85,0.3028,20,16.03,0.27,3.31,1.37,1,56,1.07,66.07,1.47,1.77,130.833,0.2593,0.2453,0.2717,0.2237,0.16,51.28,110,1.08,3.75,0.05
"15144B",3,"conflict.yoked","yoked","Retention",9,"Off","15144A",14.74,2.46,2.35,0.3735,20,67.2,1.38,9.33,1.14,0,67,1.38,84.07,1.91,1.41,107.065,0.2115,0.2063,0.2866,0.2955,0.03,29.31,170,0.92,2.66,0
"15144C",1,"standard.trained","trained","Hab",1,"Off","15144D",30.25,5.04,4.14,0.5015,42,1.33,0.15,11.79,1.33,0,33,2.42,5.77,0.33,6.2,115.464,0.2997,0.3136,0.2083,0.1785,0.18,32.8,70,1.79,8.03,0
"15144C",1,"standard.trained","trained","T1",2,"On","15144D",13.26,2.21,2.38,0.2976,9,2.8,0.08,19.17,0.53,9,128,3.88,32.87,1,1.26,8.767,0.0213,0.3202,0.5451,0.1134,0.57,152.28,190,1.68,6.18,1
"15144C",1,"standard.trained","trained","T2",3,"On","15144D",13.42,2.24,2.41,0.32,3,57.33,1.12,1.91,0.19,3,394,10.24,452.03,11.57,2.31,2.965,0.0076,0.3059,0.6191,0.0674,0.66,156.97,190,2.24,10.28,1
"15144C",1,"standard.trained","trained","T3",4,"On","15144D",13.26,2.21,2.44,0.3175,2,28.97,0.56,2.04,0.13,2,505,1.55,94.8,2.17,1.69,1.4,0.0034,0.3051,0.6626,0.029,0.76,149.44,180,1.1,8.55,1
"15144C",2,"standard.trained","trained","Retest",5,"On","15144D",14.94,2.49,2.45,0.3688,1,593.9,15.03,7.72,0.06,1,593,15.03,599.97,15.51,-1,0.934,0.0022,0.0963,0.7887,0.1127,0.74,178.52,200,2.5,11.68,1
"15144C",2,"standard.trained","trained","T4_C1",6,"On","15144D",15.27,2.54,2.88,0.3158,2,249.4,7.75,13.37,0.11,3,293,8.98,543.07,15.88,1.82,4.601,0.0116,0.4724,0.4281,0.0878,0.68,141.08,150,3.5,20.92,1.5
"15144C",2,"standard.trained","trained","T5_C2",7,"On","15144D",13.18,2.2,2.31,0.3247,0,599.97,14.64,-1,0,0,599,14.64,599.97,14.64,-1,0,0,0.5809,0.413,0.0061,0.87,134.5,140,2.18,10.81,0
"15144C",2,"standard.trained","trained","T6_C3",8,"On","15144D",12.84,2.14,2.33,0.2937,1,46.53,0.96,1.47,0.07,1,553,0.96,599.97,14.83,-1,0.667,0.002,0.8173,0.1807,0,0.92,120.99,140,1.31,5.26,1
"15144C",4,"standard.trained","trained","Retention",9,"Off","15144D",20.2,3.37,3.23,0.377,0,599.97,15.8,-1,0,0,599,15.8,599.97,15.8,-1,0,0,0.3502,0.6323,0.0175,0.83,145.1,150,2.55,16.46,0
"15144D",1,"standard.yoked","yoked","Hab",1,"Off","15144C",26.34,4.39,3.57,0.5157,37,0.57,0,-1,1.34,0,33,2.09,18.7,1.33,3.98,135.666,0.3363,0.2732,0.1923,0.1983,0.18,29.57,100,1.29,4.47,0
"15144D",1,"standard.yoked","yoked","T1",2,"On","15144C",12.38,2.06,2.22,0.3268,28,2.8,0.1,30,1.84,9,52,1.63,35.33,1.33,2.52,198.165,0.494,0.2061,0.0957,0.2042,0.38,358.16,40,0.57,2.33,0.321428571428571
"15144D",1,"standard.yoked","yoked","T2",3,"On","15144C",9.26,1.54,1.82,0.2515,20,31.83,0.6,1.61,1.39,3,79,1.76,57.17,1.21,18.25,156.436,0.3838,0.2182,0.1496,0.2484,0.24,348.23,50,1.81,7.19,0.15
"15144D",1,"standard.yoked","yoked","T3",4,"On","15144C",8.16,1.36,1.37,0.249,12,34.37,0.42,1.91,0.99,2,71,1.03,80.47,1.3,4.85,103.066,0.2619,0.2502,0.188,0.2999,0.02,8.08,140,1.03,3.35,0.166666666666667
"15144D",2,"standard.yoked","yoked","Retest",5,"On","15144C",8.31,1.38,1.34,0.2851,19,24.57,0.14,2.18,1.88,1,80,0.66,28.13,0.19,0.49,123.568,0.3225,0.1968,0.2319,0.2488,0.15,342.27,110,-0.24,2.48,0.0526315789473684
"15144D",2,"standard.yoked","yoked","T4_C1",6,"On","15144C",12.81,2.14,2.22,0.3235,17,26.83,0.98,16.74,1.18,3,67,1.85,76.33,1.99,3.28,125.6,0.2914,0.2154,0.2792,0.214,0.04,52.51,160,0.15,2.2,0.176470588235294
"15144D",2,"standard.yoked","yoked","T5_C2",7,"On","15144C",6.49,1.08,1.15,0.2159,13,19.33,0.25,0.56,1.3,0,70,1.14,70.17,1.11,1.68,113.267,0.2805,0.3083,0.1958,0.2153,0.13,69.63,140,0.31,1.97,0
"15144D",2,"standard.yoked","yoked","T6_C3",8,"On","15144C",3.8,0.63,0.68,0.1615,13,0.53,0,-1,1.95,1,63,0.4,16.57,0.08,0.31,120.931,0.2946,0.2705,0.2598,0.1752,0.09,74.69,160,-0.44,2.31,0.0769230769230769
"15144D",3,"standard.yoked","yoked","Retention",9,"Off","15144C",13.54,2.26,2.14,0.3408,22,0.53,0,-1,1.47,0,68,0.8,68.37,0.8,0.56,111.768,0.2812,0.224,0.2203,0.2745,0.04,312.63,10,0.28,1.89,0
"15145A",1,"conflict.trained","trained","Hab",1,"Off","15145B",34.95,5.83,4.66,0.5416,39,3.1,0.17,6.23,1.11,0,44,4.7,13.2,1.27,16.78,116.634,0.2874,0.3077,0.1949,0.21,0.16,44.06,100,1.8,6.79,0
"15145A",1,"conflict.trained","trained","T1",2,"On","15145B",14.91,2.48,2.78,0.3086,6,17.5,0.82,10.98,0.32,6,245,6.22,22.73,1.19,1.22,4.798,0.0122,0.14,0.6341,0.2136,0.62,187.87,210,2.15,8.45,1
"15145A",1,"conflict.trained","trained","T2",3,"On","15145B",12.24,2.04,2.3,0.2943,2,51.63,0.98,1.88,0.12,2,500,0.98,99.33,2.48,2.04,3.867,0.0088,0.2049,0.7546,0.0317,0.73,164.57,200,2.99,15.26,1
"15145A",1,"conflict.trained","trained","T3",4,"On","15145B",15.41,2.57,2.44,0.3682,1,324.37,8.84,4.21,0.06,1,324,8.84,599.97,16.36,-1,0.633,0.0015,0.1797,0.7551,0.0637,0.76,166.51,190,1.54,7.27,1
"15145A",2,"conflict.trained","trained","Retest",5,"On","15145B",20.23,3.37,4.11,0.3278,6,50,1.63,1.82,0.33,6,168,5.2,70.93,2.31,1.91,4.834,0.0108,0.9787,0.0105,0,0.9,87.19,100,1.73,9.22,1
"15145A",2,"conflict.trained","trained","T4_C1",6,"On","15145B",13.04,2.17,2.58,0.3167,27,0.53,0,-1,1.07,29,115,5.72,10.77,0.44,7.56,30.201,0.0701,0.7473,0.146,0.0366,0.76,74.34,80,3.4,22.49,1.07407407407407
"15145A",2,"conflict.trained","trained","T5_C2",7,"On","15145B",13.61,2.27,2.58,0.3284,4,102.37,2.85,2.24,0.24,4,205,5.51,292.8,7.85,1.75,3.534,0.0065,0.8266,0.1669,0,0.9,92.89,100,1.17,6.4,1
"15145A",2,"conflict.trained","trained","T6_C3",8,"On","15145B",12.84,2.14,2.91,0.2486,4,183.37,5.41,2.04,0.25,4,187,5.41,282.6,7.89,1.96,5.834,0.0103,0.5997,0.3841,0.0059,0.86,108.31,130,1.97,17.18,1
"15145A",3,"conflict.trained","trained","Retention",9,"Off","15145B",12.85,2.14,2.33,0.33,0,600,15.06,-1,0,0,599,15.06,600,15.06,-1,0,0,0.395,0.5949,0.0101,0.86,128.17,150,2.44,16.61,0
"15145B",1,"conflict.yoked","yoked","Hab",1,"Off","15145A",24.44,4.07,3.29,0.4684,34,0.53,0,-1,1.31,0,44,2.66,8.9,0.53,4.07,108.667,0.2898,0.2351,0.2174,0.2577,0.06,349.09,30,1.12,3.67,0
"15145B",1,"conflict.yoked","yoked","T1",2,"On","15145A",21.69,3.62,3.16,0.4649,23,6.43,0.28,9.87,1.02,6,114,4.33,11.27,0.49,2.47,102.293,0.2585,0.3466,0.228,0.167,0.15,75.25,150,0.95,3.24,0.260869565217391
"15145B",1,"conflict.yoked","yoked","T2",3,"On","15145A",8.53,1.42,1.56,0.2468,16,77.8,1.41,1.69,1.24,2,99,1.97,99.23,1.87,9.71,105.634,0.2654,0.3194,0.1519,0.2634,0.16,23.88,80,2.52,11.45,0.125
"15145B",1,"conflict.yoked","yoked","T3",4,"On","15145A",11.67,1.94,1.88,0.335,20,11.47,0.3,1.34,1.28,1,69,1.52,46.23,1.02,1.26,118.933,0.2896,0.2498,0.2352,0.2254,0.05,345.15,30,1.3,3.76,0.05
"15145B",2,"conflict.yoked","yoked","Retest",5,"On","15145A",9.61,1.6,2.1,0.234,16,13.53,0.19,1.4,1.07,6,80,1.88,53.83,1.04,2.65,115.799,0.2836,0.2143,0.2242,0.2779,0.12,314.34,40,1.23,6.02,0.375
"15145B",2,"conflict.yoked","yoked","T4_C1",6,"On","15145A",14.96,2.49,3.22,0.29,18,14.57,0.37,13.8,0.9,29,67,2.31,23.27,0.75,2.04,73.268,0.1409,0.2191,0.3731,0.2669,0.16,157.38,230,1.94,7.44,1.61111111111111
"15145B",2,"conflict.yoked","yoked","T5_C2",7,"On","15145A",6.99,1.17,1.7,0.1902,16,13.43,0.44,1.75,1.22,4,80,1.58,73.07,1.46,1.54,128.033,0.2673,0.1862,0.2258,0.3207,0.16,346.65,50,1.87,8.25,0.25
"15145B",2,"conflict.yoked","yoked","T6_C3",8,"On","15145A",6.04,1.01,1.5,0.1731,14,30.47,0.68,4.9,1.16,4,121,2.04,51.17,0.86,6,123.635,0.2504,0.1975,0.3043,0.2477,0.07,37.65,120,1.75,6.68,0.285714285714286
"15145B",3,"conflict.yoked","yoked","Retention",9,"Off","15145A",10.44,1.74,1.8,0.2934,14,20.17,0.56,5.37,0.98,0,116,2.69,136.67,3.11,0.78,68.462,0.1381,0.2631,0.3341,0.2646,0.1,131.23,210,0.61,2.38,0
"15145C",1,"standard.trained","trained","Hab",1,"Off","15145D",28.82,4.8,3.98,0.5037,31,9.27,0.72,11.98,0.99,0,42,3.04,18.27,1.26,9.85,113.835,0.2874,0.2815,0.2088,0.2224,0.06,63.19,120,1.58,6.01,0
"15145C",1,"standard.trained","trained","T1",2,"On","15145D",14.53,2.42,2.71,0.3253,10,2.9,0.09,12.86,0.56,10,150,4.62,20,0.76,2.54,9.601,0.0225,0.4252,0.4304,0.1219,0.52,142.7,170,1.52,8.24,1
"15145C",1,"standard.trained","trained","T2",3,"On","15145D",15.64,2.61,2.69,0.3448,6,14.83,0.4,1.75,0.33,7,252,7.71,38.87,1.44,12.6,8,0.0208,0.5325,0.3843,0.0624,0.6,127.9,170,1.82,8.61,1.16666666666667
"15145C",1,"standard.trained","trained","T3",4,"On","15145D",13.18,2.2,2.38,0.3169,5,18.03,0.45,1.63,0.31,5,361,9.92,57.73,1.76,1.98,5.033,0.0136,0.6351,0.3433,0.008,0.79,123.55,140,0.89,4.06,1
"15145C",2,"standard.trained","trained","Retest",5,"On","15145D",18.11,3.02,2.89,0.4172,5,28,1.3,6.44,0.26,6,280,5.09,65.73,2.4,1.96,7.368,0.0168,0.6344,0.2927,0.056,0.63,116.24,120,1.25,5.3,1.2
"15145C",2,"standard.trained","trained","T4_C1",6,"On","15145D",15.16,2.53,2.5,0.3732,4,135.2,3.19,2.38,0.24,5,161,3.19,238.93,5.79,2.47,4.599,0.0124,0.4618,0.4756,0.0502,0.67,139.01,160,1.85,7.14,1.25
"15145C",2,"standard.trained","trained","T5_C2",7,"On","15145D",12.85,2.14,2.44,0.3142,9,0.53,0,-1,0.55,9,224,6.14,39.53,1,2.52,7.2,0.0186,0.5915,0.341,0.049,0.61,120.4,140,1.41,5.05,1
"15145C",2,"standard.trained","trained","T6_C3",8,"On","15145D",12.2,2.03,2.55,0.301,13,31.9,0.63,1.96,0.84,13,86,2.37,67.13,1.48,1.56,9.401,0.0258,0.7546,0.1982,0.0213,0.72,100.7,120,1.3,4.7,1
"15145C",3,"standard.trained","trained","Retention",9,"Off","15145D",16.79,2.8,2.7,0.4011,10,68.53,1.59,2.52,0.56,0,128,2.91,87.8,2.01,1.1,52.701,0.1336,0.4494,0.2779,0.1391,0.38,106.49,140,1.41,5.23,0
"15145D",1,"standard.yoked","yoked","Hab",1,"Off","15145C",29.95,4.99,4.15,0.5281,34,23.33,1.85,12.72,1.1,0,50,4.05,29.73,2.53,16.03,105.238,0.2601,0.3029,0.216,0.221,0.07,73.23,140,1.47,5.19,0
"15145D",1,"standard.yoked","yoked","T1",2,"On","15145C",20.49,3.42,2.76,0.4711,26,40,1.17,11.82,1.24,10,71,2.38,78.53,2.75,7.2,118.369,0.2751,0.2582,0.2366,0.2302,0.05,85.85,130,0.72,2.43,0.384615384615385
"15145D",1,"standard.yoked","yoked","T2",3,"On","15145C",12.9,2.15,2.7,0.2485,18,100.9,3.36,12.25,1.01,7,100,3.36,136.57,4.31,1.63,144.063,0.3704,0.2991,0.1797,0.1508,0.24,44.74,100,2.17,11.33,0.388888888888889
"15145D",1,"standard.yoked","yoked","T3",4,"On","15145C",15.37,2.56,2.74,0.345,25,22,0.53,1.69,1.36,5,54,1.36,60.47,1.7,2.52,151.999,0.3875,0.4875,0.0797,0.0454,0.57,50.06,100,1.68,8.43,0.2
"15145D",2,"standard.yoked","yoked","Retest",5,"On","15145C",12.63,2.11,2.22,0.3345,16,0.53,0,-1,1.01,6,194,4.92,9.3,0.31,1.54,99.998,0.2405,0.4573,0.1622,0.14,0.35,73.31,130,0.54,2.39,0.375
"15145D",2,"standard.yoked","yoked","T4_C1",6,"On","15145C",9.95,1.66,1.87,0.2797,25,48.1,0.88,2.31,1.85,5,70,1.34,73.07,1.37,2.59,180.968,0.4421,0.3298,0.0784,0.1497,0.39,26.04,60,0.74,2.85,0.2
"15145D",2,"standard.yoked","yoked","T5_C2",7,"On","15145C",8.73,1.46,2.17,0.2201,22,16.07,0.02,0.16,1.6,9,89,1.65,37.8,0.28,1.47,188.667,0.4561,0.2604,0.1427,0.1408,0.36,25.47,60,1.44,4.06,0.409090909090909
"15145D",2,"standard.yoked","yoked","T6_C3",8,"On","15145C",11.28,1.88,2.13,0.291,26,19.53,0.24,0.49,1.71,13,73,1.5,28.07,0.41,3.57,117.532,0.3078,0.1832,0.2162,0.2927,0.16,312.09,30,0.5,1.81,0.5
"15145D",3,"standard.yoked","yoked","Retention",9,"Off","15145C",4.75,0.79,1,0.1554,15,19.43,0.09,0.35,1.29,0,60,0.92,41.07,0.47,1.4,127.67,0.3163,0.2426,0.223,0.2182,0.09,17.85,110,1.54,4.03,0
"15146A",1,"conflict.trained","trained","Hab",1,"Off","15146B",34.4,5.73,4.73,0.5499,37,1.97,0.01,7.27,1,0,50,5.71,10.83,0.87,21.44,112.933,0.2949,0.2624,0.2254,0.2173,0.05,44.77,140,1.77,7.29,0
"15146A",1,"conflict.trained","trained","T1",2,"On","15146B",14.19,2.36,2.56,0.3233,15,9.17,0.32,7.64,0.88,25,98,3.2,46.17,1.31,2.31,35.934,0.0939,0.6312,0.2368,0.0381,0.61,102.76,140,1.6,6,1.66666666666667
"15146A",1,"conflict.trained","trained","T2",3,"On","15146B",14.38,2.4,2.33,0.3678,2,8.47,0.15,1.78,0.13,2,415,10.97,423.57,11.3,2.04,2.369,0.006,0.4558,0.485,0.0532,0.72,138.78,160,2.98,17.93,1
"15146A",1,"conflict.trained","trained","T3",4,"On","15146B",13.69,2.28,2.26,0.3548,1,473.43,11.38,1.61,0.07,1,473,11.38,599.97,14.62,-1,0.901,0.0026,0.4121,0.538,0.0472,0.78,141.65,160,1.83,10.24,1
"15146A",2,"conflict.trained","trained","Retest",5,"On","15146B",15.64,2.61,3.11,0.3102,1,400.37,10.56,0.78,0.06,1,400,10.56,599.97,16.3,-1,0.533,0.0014,0.1599,0.7456,0.0932,0.74,165.87,170,2.03,9.47,1
"15146A",2,"conflict.trained","trained","T4_C1",6,"On","15146B",13.69,2.28,2.45,0.3438,24,0.53,0,-1,1.23,26,76,2.77,6.47,0.3,1.61,24.033,0.054,0.7556,0.0934,0.0971,0.66,71.37,100,2.08,14.41,1.08333333333333
"15146A",2,"conflict.trained","trained","T5_C2",7,"On","15146B",13.84,2.31,2.31,0.3562,1,542.4,14.28,2.82,0.06,1,542,14.28,599.97,15.96,-1,0.634,0.0011,0.2202,0.7477,0.031,0.81,146.6,170,2.17,11.61,1
"15146A",2,"conflict.trained","trained","T6_C3",8,"On","15146B",14.72,2.45,2.36,0.3718,1,372.7,9.33,2.82,0.06,1,372,9.33,599.97,15.45,-1,1.133,0.0019,0.2074,0.7442,0.0465,0.81,143.79,150,2.37,9.5,1
"15146A",3,"conflict.trained","trained","Retention",9,"Off","15146B",14.21,2.37,2.37,0.354,0,599.97,15.67,-1,0,0,599,15.67,599.97,15.67,-1,0,0,0.107,0.8342,0.0588,0.83,156.97,170,1.56,7.53,0
"15146B",1,"conflict.yoked","yoked","Hab",1,"Off","15146A",22.34,3.72,3.16,0.4618,33,3.4,0.28,2.66,1.29,0,35,2.17,18.6,1.22,5.78,116.636,0.3035,0.2205,0.2324,0.2437,0.04,304.28,180,1.59,5.99,0
"15146B",1,"conflict.yoked","yoked","T1",2,"On","15146A",11.19,1.87,2.68,0.2303,19,34.33,0.74,1.68,1.15,25,87,2.43,54.87,1.28,1.47,124.134,0.3072,0.2167,0.1829,0.2932,0.15,328.21,40,1.5,7.18,1.31578947368421
"15146B",1,"conflict.yoked","yoked","T2",3,"On","15146A",4.9,0.82,1.05,0.1568,15,22,0.48,2.1,1.22,2,60,1.22,80.87,1.61,1.82,131.034,0.3348,0.2311,0.1917,0.2424,0.14,357.51,60,3.61,22.51,0.133333333333333
"15146B",1,"conflict.yoked","yoked","T3",4,"On","15146A",5.33,0.89,0.96,0.2226,12,29.87,0.05,1.26,1.23,1,70,0.18,88.17,0.22,0.35,96.832,0.2364,0.2956,0.259,0.209,0.05,85.18,230,0.81,1.86,0.0833333333333333
"15146B",2,"conflict.yoked","yoked","Retest",5,"On","15146A",5.34,0.89,0.85,0.2091,13,0.53,0,-1,1.19,1,68,0.89,52.83,0.62,1.96,84.732,0.2113,0.2487,0.2664,0.2736,0.05,205.1,260,1.2,3.45,0.0769230769230769
"15146B",2,"conflict.yoked","yoked","T4_C1",6,"On","15146A",9.22,1.54,2.4,0.1988,15,15.1,0.69,0.67,0.92,26,58,1.62,55.83,1.58,1.33,113.202,0.2256,0.2465,0.3029,0.225,0.13,73.22,150,1.92,5.85,1.73333333333333
"15146B",2,"conflict.yoked","yoked","T5_C2",7,"On","15146A",3.59,0.6,0.66,0.136,11,0.57,0,-1,0.92,1,68,1.12,56.77,0.93,1.69,121.667,0.2424,0.1799,0.2831,0.2946,0.07,338.23,0,1.75,7.61,0.0909090909090909
"15146B",2,"conflict.yoked","yoked","T6_C3",8,"On","15146A",5.23,0.87,0.84,0.2064,11,0.53,0,-1,1.02,1,94,1.03,55.97,0.38,0.56,85.67,0.1691,0.1532,0.2851,0.3926,0.12,245.65,20,1.46,4.19,0.0909090909090909
"15146B",3,"conflict.yoked","yoked","Retention",9,"Off","15146A",8.74,1.46,1.31,0.2851,11,16.8,0.37,5.22,0.91,0,173,3.86,30.6,0.78,7.64,86,0.1678,0.2033,0.3455,0.2834,0.08,161.3,270,1.07,3.2,0
"15146C",1,"standard.trained","trained","Hab",1,"Off","15146D",31.05,5.18,4.36,0.5104,35,15.8,1.18,15.05,1.04,0,42,3.86,26.67,2.36,14.58,101.073,0.2656,0.3268,0.1812,0.2264,0.16,76.83,140,1.36,5.11,0
"15146C",1,"standard.trained","trained","T1",2,"On","15146D",18.18,3.03,2.75,0.4061,5,5.63,0.47,11.33,0.26,5,366,12.11,47.63,2.02,9.73,4.668,0.0113,0.3402,0.5161,0.1325,0.57,157.52,190,1.72,7.69,1
"15146C",1,"standard.trained","trained","T2",3,"On","15146D",14.68,2.45,2.34,0.3732,1,327.4,9.19,5.46,0.06,1,327,9.19,599.97,15.96,-1,0.767,0.0019,0.1916,0.7364,0.0702,0.74,166.51,180,1.31,6.88,1
"15146C",1,"standard.trained","trained","T3",4,"On","15146D",14.09,2.35,2.23,0.3702,1,526.87,13.21,4.33,0.07,1,526,13.21,599.97,15.05,-1,0.6,0.0014,0.4366,0.5357,0.0263,0.69,142.06,170,0.77,2.98,1
"15146C",2,"standard.trained","trained","Retest",5,"On","15146D",14.09,2.35,2.54,0.3356,3,273.37,7.19,3.08,0.18,3,273,7.19,439.63,11.53,2.17,1.8,0.0046,0.3988,0.5312,0.0654,0.71,143.74,160,1.18,4.63,1
"15146C",2,"standard.trained","trained","T4_C1",6,"On","15146D",13.6,2.27,3,0.2704,13,49.37,1.05,1.96,0.7,13,131,3.9,66.37,1.52,2.17,10.632,0.0298,0.735,0.1567,0.0785,0.64,100.55,130,1.35,7.07,1
"15146C",2,"standard.trained","trained","T5_C2",7,"On","15146D",14.79,2.46,2.86,0.3048,4,24.37,0.5,2.17,0.22,4,383,11.21,68.57,1.67,2.04,3.633,0.0099,0.1405,0.6869,0.1627,0.62,185.95,220,1.65,7.88,1
"15146C",2,"standard.trained","trained","T6_C3",8,"On","15146D",13.91,2.32,2.91,0.2792,8,62.4,1.8,2.17,0.43,8,117,3.5,138.3,4.18,1.95,7.833,0.0201,0.6052,0.2847,0.09,0.56,115.5,130,1.14,7.34,1
"15146C",3,"standard.trained","trained","Retention",9,"Off","15146D",16.78,2.8,3.12,0.3386,2,83.33,3.28,10.01,0.1,0,475,15.65,559.07,17.96,3.88,11.1,0.0288,0.0904,0.5679,0.3129,0.61,204,230,1.52,11.05,0
"15146D",1,"standard.yoked","yoked","Hab",1,"Off","15146C",22.67,3.78,3.06,0.4857,25,1.83,0.12,8.98,1.04,0,59,2.81,27.1,1.3,9.59,98.338,0.2516,0.2806,0.2741,0.1936,0.1,91.59,190,0.81,2.88,0
"15146D",1,"standard.yoked","yoked","T1",2,"On","15146C",14.83,2.47,2.21,0.3974,17,5.53,0.28,20.72,1.07,5,92,3.26,17.07,0.71,8.07,89.267,0.2125,0.1926,0.2535,0.3414,0.11,255.3,40,0.19,1.96,0.294117647058824
"15146D",1,"standard.yoked","yoked","T2",3,"On","15146C",10.99,1.83,1.83,0.325,14,34.27,0.66,3.84,0.92,1,110,1.95,92.87,1.64,1.34,70.431,0.1771,0.3984,0.2607,0.1638,0.22,102.02,160,1.04,3.42,0.0714285714285714
"15146D",1,"standard.yoked","yoked","T3",4,"On","15146C",8.31,1.38,1.54,0.2447,12,33.03,0.6,1.82,0.83,1,115,2.23,91.37,1.75,1.96,99.1,0.2466,0.3119,0.303,0.1385,0.23,116.21,200,1.5,5.49,0.0833333333333333
"15146D",2,"standard.yoked","yoked","Retest",5,"On","15146C",12.53,2.09,2.13,0.3521,22,0.53,0,-1,1.37,3,55,0.91,53.8,0.89,1.82,102.131,0.2636,0.2253,0.233,0.2781,0.09,292.1,340,0.64,2.76,0.136363636363636
"15146D",2,"standard.yoked","yoked","T4_C1",6,"On","15146C",14.56,2.43,3.22,0.2777,12,46.2,0.83,1.82,0.61,13,145,4.3,93,2.61,2.43,54.497,0.1312,0.2828,0.3936,0.1924,0.26,161.67,200,2.3,9.35,1.08333333333333
"15146D",2,"standard.yoked","yoked","T5_C2",7,"On","15146C",6.59,1.1,1.85,0.1571,12,12.07,0.1,0.91,0.86,4,71,1.63,51.4,0.96,1.96,85.434,0.2098,0.2767,0.2953,0.2183,0.08,146.42,200,1.8,7.08,0.333333333333333
"15146D",2,"standard.yoked","yoked","T6_C3",8,"On","15146C",6.11,1.02,1.39,0.1894,15,23.77,0.4,1.75,1.21,8,111,2.11,81.93,1.58,1.75,120.901,0.297,0.2268,0.2783,0.1979,0.06,43.13,120,1.76,5.81,0.533333333333333
"15146D",3,"standard.yoked","yoked","Retention",9,"Off","15146C",5.52,0.92,1.39,0.1621,12,37.03,0.26,13.64,0.97,0,59,0.83,93.97,1.36,1.82,106.564,0.258,0.3608,0.1904,0.1908,0.17,79.56,130,3.28,14.12,0
"15147A",1,"conflict.trained","trained","Hab",1,"Off","15147B",25.53,4.26,3.5,0.5008,32,6.1,0.48,8.84,1.17,0,56,3.73,13.73,0.93,13,81.968,0.2032,0.2868,0.2464,0.2636,0.04,101.53,220,1.49,5.54,0
"15147A",1,"conflict.trained","trained","T1",2,"On","15147B",18.21,3.04,3.07,0.3814,5,4.33,0.31,7.1,0.23,6,215,6.97,44.37,1.97,3.26,6.132,0.0155,0.3561,0.5543,0.0742,0.67,148.83,160,2.16,7.58,1.2
"15147A",1,"conflict.trained","trained","T2",3,"On","15147B",12.54,2.09,2.7,0.2688,3,26.77,0.61,2.1,0.17,3,342,9.59,369.57,10.21,3,2.433,0.007,0.7778,0.2152,0,0.84,114.43,140,3.97,31.79,1
"15147A",1,"conflict.trained","trained","T3",4,"On","15147B",13.59,2.26,2.64,0.3114,1,180.6,4.8,1.96,0.06,1,419,4.8,599.97,17.19,-1,0.533,0.0013,0.7589,0.2189,0.0209,0.81,117.47,130,2.56,12.69,1
"15147A",2,"conflict.trained","trained","Retest",5,"On","15147B",17.78,2.96,3.58,0.3332,5,47.77,1.06,2.17,0.3,5,220,5.74,127.2,3.08,1.82,3.667,0.0083,0.8707,0.1209,0,0.83,98.71,110,2.52,12.01,1
"15147A",2,"conflict.trained","trained","T4_C1",6,"On","15147B",13.38,2.23,2.69,0.3103,14,3.4,0.05,1.61,0.64,15,167,6.6,22.73,0.81,0.91,15.033,0.0291,0.5158,0.4196,0.0355,0.71,105.76,130,1.33,6.15,1.07142857142857
"15147A",2,"conflict.trained","trained","T5_C2",7,"On","15147B",12.13,2.02,2.86,0.2553,5,13.63,0.26,2.04,0.3,5,220,6.66,33.77,1.45,22.69,4.965,0.0092,0.4951,0.4819,0.0138,0.78,112.19,140,4.15,33.25,1
"15147A",2,"conflict.trained","trained","T6_C3",8,"On","15147B",13.31,2.22,2.56,0.3193,9,32.03,0.7,1.82,0.52,9,132,3.7,42.6,1.04,2.31,7.869,0.0145,0.5481,0.3482,0.0892,0.66,112.96,120,0.64,3.28,1
"15147A",3,"conflict.trained","trained","Retention",9,"Off","15147B",21.47,3.58,3.51,0.4549,14,18.8,1.13,3.63,0.65,0,117,6.91,35.17,2.45,20.29,50.534,0.0935,0.3569,0.4103,0.1392,0.44,118.45,150,1.12,5.9,0
"15147B",1,"conflict.yoked","yoked","Hab",1,"Off","15147A",24.83,4.14,3.43,0.4931,30,11.2,0.85,12.71,1.15,0,69,2.39,29.13,1.75,7.06,104.203,0.267,0.3403,0.2173,0.1754,0.19,58.06,130,1.49,5.53,0
"15147B",1,"conflict.yoked","yoked","T1",2,"On","15147A",14.18,2.36,2.25,0.3518,17,2.4,0.08,7.66,1.04,6,107,3.25,22,0.76,2.32,96.338,0.242,0.2856,0.2353,0.237,0.07,140.84,230,1.36,5.05,0.352941176470588
"15147B",1,"conflict.yoked","yoked","T2",3,"On","15147A",10.87,1.81,1.94,0.3032,17,74.9,1.45,1.44,1.17,3,162,3.17,237.47,4.94,4.16,114.067,0.2837,0.4053,0.1296,0.1814,0.32,41.15,100,1.54,5.69,0.176470588235294
"15147B",1,"conflict.yoked","yoked","T3",4,"On","15147A",8.69,1.45,1.62,0.2591,15,18,0.28,2.17,1.1,1,87,1.61,105.3,1.99,2.45,119.369,0.3015,0.3209,0.1675,0.2101,0.22,34.11,70,2.09,9.27,0.0666666666666667
"15147B",2,"conflict.yoked","yoked","Retest",5,"On","15147A",7.3,1.22,1.69,0.2064,17,19.9,0.38,1.96,1.25,5,65,1.55,50.37,1.27,6.09,158.432,0.3922,0.212,0.1127,0.2831,0.25,350.45,40,1.93,5.93,0.294117647058824
"15147B",2,"conflict.yoked","yoked","T4_C1",6,"On","15147A",12.17,2.03,2.76,0.2631,10,22.73,0.9,20.28,0.58,15,159,4.75,182.57,5.63,20.27,37.068,0.0673,0.1991,0.5609,0.1727,0.46,154.02,200,1.65,7.21,1.5
"15147B",2,"conflict.yoked","yoked","T5_C2",7,"On","15147A",8.36,1.39,1.98,0.2227,15,10.83,0.26,30.72,1.01,5,90,2.37,14.83,0.56,1.96,88.767,0.1716,0.2082,0.2644,0.3558,0.09,256.37,20,2.27,10.96,0.333333333333333
"15147B",2,"conflict.yoked","yoked","T6_C3",8,"On","15147A",8.07,1.35,2.13,0.1883,11,62.93,1.9,9.15,0.72,9,88,2.48,121.7,3.13,1.82,83.533,0.165,0.2005,0.3119,0.3226,0.05,212.06,310,1.93,14.75,0.818181818181818
"15147B",3,"conflict.yoked","yoked","Retention",9,"Off","15147A",10.97,1.83,2.05,0.2887,10,19.57,0.43,2.03,0.64,0,138,2.81,77.73,1.52,2.13,60.599,0.1123,0.1691,0.3445,0.3741,0.25,200.68,260,2.09,7.53,0
"15147C",1,"standard.trained","trained","Hab",1,"Off","15147D",21.81,3.64,3.15,0.4407,25,6.87,0.35,20.14,1.03,0,51,3.2,24.9,1.68,9.1,88.002,0.218,0.3152,0.2532,0.2136,0.12,109.55,190,1.09,3.46,0
"15147C",1,"standard.trained","trained","T1",2,"On","15147D",15.09,2.51,2.54,0.3479,4,13.13,0.42,5.38,0.23,4,321,6.19,29.2,1.14,2.32,3.167,0.0081,0.2667,0.5389,0.1863,0.59,178.23,240,2.23,9.85,1
"15147C",1,"standard.trained","trained","T2",3,"On","15147D",13.74,2.29,2.29,0.3395,2,82.37,1.74,1.75,0.13,2,400,10.11,483.2,12.42,1.48,1.267,0.0031,0.2312,0.5964,0.1693,0.65,174.44,200,3.83,24.07,1
"15147C",1,"standard.trained","trained","T3",4,"On","15147D",14.33,2.39,2.39,0.3559,1,445.53,11.59,6.41,0.06,1,445,11.59,599.97,15.62,-1,1.067,0.0026,0.1052,0.8444,0.0478,0.78,180.08,200,2.67,15.61,1
"15147C",2,"standard.trained","trained","Retest",5,"On","15147D",14.37,2.39,2.22,0.385,1,433.5,10.18,2.94,0.07,1,433,10.18,599.97,14.84,-1,0.6,0.0017,0.3638,0.5764,0.0581,0.79,143.23,160,2.27,10.66,1
"15147C",2,"standard.trained","trained","T4_C1",6,"On","15147D",13.26,2.21,2.33,0.3226,2,297.17,6.53,1.69,0.13,2,297,6.53,396.93,9.09,2.17,1.4,0.0032,0.7336,0.2175,0.0456,0.68,102.99,100,1.81,9.95,1
"15147C",2,"standard.trained","trained","T5_C2",7,"On","15147D",12.4,2.07,2.17,0.3232,1,91.23,2.1,1.96,0.07,1,508,2.1,599.97,14.19,-1,0.866,0.0022,0.4459,0.552,0,0.81,137.47,170,0.66,3.12,1
"15147C",2,"standard.trained","trained","T6_C3",8,"On","15147D",12.99,2.17,2.17,0.3405,0,599.97,14.39,-1,0,0,599,14.39,599.97,14.39,-1,0,0,0.4541,0.5324,0.0135,0.84,139.39,150,1.35,8.18,0
"15147C",3,"standard.trained","trained","Retention",9,"Off","15147D",15.37,2.56,2.37,0.3893,2,492.5,11.79,9.84,0.13,0,492,11.79,527.87,13.19,7.81,11.399,0.0304,0.1946,0.7007,0.0742,0.67,168.01,180,2.7,13.44,0
"15147D",1,"standard.yoked","yoked","Hab",1,"Off","15147C",24.19,4.03,3.4,0.4944,34,8.33,0.52,9.04,1.32,0,50,2.5,24.23,1.19,10.24,109.605,0.2776,0.379,0.1582,0.1852,0.21,49.64,120,1.19,4.46,0
"15147D",1,"standard.yoked","yoked","T1",2,"On","15147C",9.53,1.59,1.63,0.2854,17,0.53,0,-1,1.31,4,102,2.63,9.37,0.18,2.88,116.764,0.2905,0.1006,0.2547,0.3542,0.26,279.21,0,0.77,3.36,0.235294117647059
"15147D",1,"standard.yoked","yoked","T2",3,"On","15147C",9.81,1.64,1.64,0.2955,16,22.9,0.13,6.13,1.25,2,84,1.18,69.4,0.96,1.56,78.605,0.1955,0.2297,0.3321,0.2427,0.13,189.26,260,0.23,2.13,0.125
"15147D",1,"standard.yoked","yoked","T3",4,"On","15147C",7.97,1.33,1.46,0.2697,12,15.3,0.03,0,1.24,1,135,0.62,150.43,0.65,0.16,109.592,0.2859,0.2626,0.3262,0.1253,0.13,117.73,170,-0.12,1.47,0.0833333333333333
"15147D",2,"standard.yoked","yoked","Retest",5,"On","15147C",8.68,1.45,1.56,0.2807,17,0.53,0,-1,1.5,1,78,0.36,49.93,0.16,0.35,102.338,0.2565,0.2453,0.2737,0.2244,0.03,120.86,190,0.22,1.75,0.0588235294117647
"15147D",2,"standard.yoked","yoked","T4_C1",6,"On","15147C",4.59,0.76,1.06,0.2093,12,31.8,0.09,0.31,1.76,2,57,0.17,89.1,0.28,0.16,93.932,0.2373,0.3135,0.2309,0.2183,0.11,93.45,140,-0.94,2.97,0.166666666666667
"15147D",2,"standard.yoked","yoked","T5_C2",7,"On","15147C",2.99,0.5,0.57,0.1756,11,11.23,0.02,0.22,2.42,1,68,0.15,69.63,0.15,0.16,103.302,0.2664,0.3108,0.2472,0.1756,0.13,81.43,150,-1.16,3.68,0.0909090909090909
"15147D",2,"standard.yoked","yoked","T6_C3",8,"On","15147C",3,0.5,0.58,0.1463,11,30.03,0.12,0.56,1.77,0,60,0.26,86.53,0.37,0.47,97.565,0.243,0.2913,0.2248,0.241,0.07,57.47,110,-0.34,2.15,0
"15147D",3,"standard.yoked","yoked","Retention",9,"Off","15147C",4.06,0.68,0.78,0.2004,12,45.87,0.2,0.31,2.19,0,72,0.29,106.53,0.38,0.99,98.271,0.2538,0.3172,0.235,0.1939,0.11,78.61,140,-1.38,3.55,0
"15148A",1,"conflict.trained","trained","Hab",1,"Off","15148B",25.7,4.28,3.61,0.478,28,0.5,0,-1,1.04,0,59,4.38,9.2,0.73,11.03,117.834,0.3046,0.2771,0.2026,0.2157,0.1,33.4,70,1.53,6.04,0
"15148A",1,"conflict.trained","trained","T1",2,"On","15148B",13.87,2.31,2.97,0.2793,7,8.73,0.28,7.73,0.36,7,266,3.68,40.13,1.38,2.69,7.266,0.0193,0.3887,0.5684,0.0235,0.7,142.71,170,2.43,11.91,1
"15148A",1,"conflict.trained","trained","T2",3,"On","15148B",13.03,2.17,2.44,0.3013,1,454.03,12.16,3,0.06,1,454,12.16,599.97,16.27,-1,0.999,0.0025,0.2802,0.6879,0.0294,0.72,156.82,190,1.73,7.07,1
"15148A",1,"conflict.trained","trained","T3",4,"On","15148B",12.77,2.13,2.59,0.2845,1,69.07,1.89,3.28,0.06,1,530,1.89,599.97,16.3,-1,0.6,0.0014,0.192,0.7509,0.0557,0.74,172.87,210,1.48,5.71,1
"15148A",2,"conflict.trained","trained","Retest",5,"On","15148B",16.26,2.71,3.27,0.2919,0,599.97,16.5,-1,0,0,599,16.5,599.97,16.5,-1,0,0,0.3857,0.5914,0.0229,0.73,150.86,200,1.8,7.36,0
"15148A",2,"conflict.trained","trained","T4_C1",6,"On","15148B",13.35,2.23,2.77,0.2869,17,6.43,0.19,1.34,0.84,24,297,3.45,10.93,0.39,8.63,28.402,0.056,0.3224,0.4041,0.2175,0.33,136.31,190,2.8,17.37,1.41176470588235
"15148A",2,"conflict.trained","trained","T5_C2",7,"On","15148B",11.79,1.97,2.47,0.2634,5,6.83,0.13,1.25,0.29,5,469,2.07,77.73,2.46,20.62,5.201,0.0093,0.0602,0.6141,0.3164,0.65,192.71,220,2.77,17.47,1
"15148A",2,"conflict.trained","trained","T6_C3",8,"On","15148B",12.01,2,2.45,0.2645,9,54.43,1.42,1.75,0.55,9,177,5.33,64.37,1.77,2.1,6,0.0112,0.325,0.4706,0.1932,0.42,136.55,160,3.9,30.29,1
"15148A",3,"conflict.trained","trained","Retention",9,"Off","15148B",12.62,2.1,2.49,0.305,11,75.37,2.87,9.31,0.7,0,179,5.07,83.67,3.03,14.38,73.8,0.1418,0.1273,0.4695,0.2615,0.22,180.83,230,2.31,13.67,0
"15148B",1,"conflict.yoked","yoked","Hab",1,"Off","15148A",28.28,4.71,3.99,0.5293,35,14.6,1.01,14.81,1.2,0,63,3.81,48.2,2.82,1.66,88.033,0.2259,0.3034,0.2352,0.2355,0.09,67.8,330,1.25,4.65,0
"15148B",1,"conflict.yoked","yoked","T1",2,"On","15148A",15.39,2.56,2.44,0.3704,22,0.53,0,-1,1.3,7,59,2.01,40.83,1.48,9.92,150.899,0.3616,0.2579,0.1724,0.2081,0.14,22.47,80,0.77,2.93,0.318181818181818
"15148B",1,"conflict.yoked","yoked","T2",3,"On","15148A",14.8,2.47,2.28,0.3844,23,50.57,1.26,9.58,1.29,1,50,1.26,84.9,2.24,2.39,118.57,0.294,0.3051,0.2268,0.1741,0.13,62.72,140,0.64,2.74,0.0434782608695652
"15148B",1,"conflict.yoked","yoked","T3",4,"On","15148A",12.89,2.15,2.1,0.341,15,24.8,0.45,1.82,0.91,1,138,3.27,63.73,1.35,1.69,75.198,0.1894,0.3776,0.2834,0.1497,0.27,116.22,180,1.59,5.1,0.0666666666666667
"15148B",2,"conflict.yoked","yoked","Retest",5,"On","15148A",13.31,2.22,2.1,0.3761,18,15,0.24,2.24,1.14,0,96,2.25,40.53,0.9,2.18,105.865,0.2589,0.3761,0.2188,0.1462,0.22,75.22,140,0.96,3.25,0
"15148B",2,"conflict.yoked","yoked","T4_C1",6,"On","15148A",17.39,2.9,3.52,0.3297,15,41,1.95,25.13,0.76,24,248,11.35,54.3,2.47,5.72,70.166,0.1307,0.1926,0.4504,0.2263,0.28,162.66,220,1.15,3.68,1.6
"15148B",2,"conflict.yoked","yoked","T5_C2",7,"On","15148A",11.16,1.86,1.99,0.3259,17,6.77,0.16,27.48,1.21,5,92,2.52,30.23,1.03,15.53,129.666,0.267,0.2137,0.2289,0.2904,0.13,356.69,10,0.42,2.45,0.294117647058824
"15148B",2,"conflict.yoked","yoked","T6_C3",8,"On","15148A",14.55,2.42,2.84,0.3427,29,8.87,0.2,1.89,1.69,9,61,1.52,56.57,1.44,1.96,224.426,0.4881,0.0911,0.1945,0.2263,0.36,351.3,40,0.96,3.12,0.310344827586207
"15148B",3,"conflict.yoked","yoked","Retention",9,"Off","15148A",7.67,1.28,1.53,0.2566,11,45.93,0.83,1.69,1.07,0,119,1.63,108.9,1.47,0.16,89.331,0.1741,0.1868,0.3081,0.331,0.08,207.13,260,-0.11,1.83,0
"15148C",1,"conflict.trained","trained","Hab",1,"Off","15148D",20.54,3.42,3,0.4104,25,2.73,0.17,5.81,1.07,0,82,4.2,14.3,1.01,6.63,97.966,0.2554,0.2866,0.2395,0.2185,0.1,67.22,150,1.05,3.58,0
"15148C",1,"conflict.trained","trained","T1",2,"On","15148D",13.33,2.22,2.47,0.3054,7,0.87,0,-1,0.42,7,197,5.71,28.17,0.98,3.34,6.666,0.017,0.5186,0.439,0.0254,0.72,131.45,160,1.87,8,1
"15148C",1,"conflict.trained","trained","T2",3,"On","15148D",13.72,2.29,2.43,0.3233,3,46.07,0.7,1.78,0.19,3,367,8.98,93.9,1.83,2.24,1.968,0.005,0.2055,0.6884,0.101,0.67,168.16,190,4.03,20.9,1
"15148C",1,"conflict.trained","trained","T3",4,"On","15148D",15.32,2.55,3.22,0.2866,12,18.5,0.39,2.69,0.64,15,150,4.46,97.93,2.53,3.31,18.833,0.0514,0.5103,0.2973,0.1411,0.46,121.63,150,2.84,18.52,1.25
"15148C",2,"conflict.trained","trained","Retest",5,"On","15148D",13.11,2.19,2.57,0.2973,4,226.2,5.66,1.88,0.24,4,226,5.66,381.33,10.22,5.22,2.932,0.0071,0.7521,0.2141,0.0267,0.73,114.03,120,3.84,28.78,1
"15148C",2,"conflict.trained","trained","T4_C1",6,"On","15148D",15.36,2.56,3.32,0.2938,32,18.17,0.57,2.17,1.62,33,49,1.63,30.37,0.94,1.89,27.201,0.0657,0.6312,0.1457,0.1574,0.6,70.41,80,2.07,7.91,1.03125
"15148C",2,"conflict.trained","trained","T5_C2",7,"On","15148D",12.19,2.03,2.98,0.244,28,15,0.49,1.75,1.56,28,84,2.75,31.6,1.08,2.17,20.163,0.046,0.5833,0.227,0.1437,0.59,81.23,80,2.49,14.6,1
"15148C",2,"conflict.trained","trained","T6_C3",8,"On","15148D",12.66,2.11,2.96,0.2755,23,21.8,0.41,1.54,1.31,23,91,2.33,25.57,0.5,1.68,15.599,0.0358,0.8266,0.1302,0.0074,0.85,78.34,90,3.45,27.04,1
"15148C",3,"conflict.trained","trained","Retention",9,"Off","15148D",9.07,1.51,1.77,0.239,9,21.37,1.02,11.06,0.7,0,116,2.46,42.67,1.43,12.21,78.035,0.1535,0.1344,0.2837,0.4284,0.21,247.64,310,1.23,3.97,0
"15148D",1,"conflict.yoked","yoked","Hab",1,"Off","15148C",21.66,3.61,3.1,0.4637,25,12.5,0.46,10.08,1.1,0,53,2.14,26.37,1.16,8.85,126.207,0.3237,0.2894,0.1942,0.1927,0.15,30.01,90,1.02,3.9,0
"15148D",1,"conflict.yoked","yoked","T1",2,"On","15148C",11.57,1.93,1.99,0.3,16,11.07,0.2,2.25,1.09,7,145,3.65,38.67,0.85,4.15,55.166,0.1406,0.3006,0.2755,0.2833,0.15,164.65,230,0.81,3.48,0.4375
"15148D",1,"conflict.yoked","yoked","T2",3,"On","15148C",8.65,1.44,1.55,0.2466,17,74.77,1.38,8.39,1.37,3,80,1.56,155.47,3.09,0.49,123.634,0.3037,0.2248,0.2048,0.2666,0.12,329.94,20,1,3.66,0.176470588235294
"15148D",1,"conflict.yoked","yoked","T3",4,"On","15148C",12.02,2,2.76,0.2685,18,18.37,0.59,29.07,1.06,15,101,2.59,44.43,1.19,2.54,120.003,0.3095,0.3309,0.09,0.2696,0.26,12.78,70,2.35,9.65,0.833333333333333
"15148D",2,"conflict.yoked","yoked","Retest",5,"On","15148C",11.41,1.9,2.27,0.2782,13,90.47,1.81,1.75,0.83,4,152,3.12,243.4,5.52,8.25,83.668,0.2085,0.1145,0.2694,0.4076,0.31,262.12,300,1.24,6.83,0.307692307692308
"15148D",2,"conflict.yoked","yoked","T4_C1",6,"On","15148C",17.76,2.96,3.47,0.3259,17,3.2,0.17,9.93,0.8,33,91,3.68,94.73,3.84,21.98,71.634,0.1425,0.1573,0.252,0.4483,0.2,264.67,320,1.23,5.03,1.94117647058824
"15148D",2,"conflict.yoked","yoked","T5_C2",7,"On","15148C",15,2.5,3.19,0.3051,15,13.13,0.17,1.22,0.78,28,122,4.23,56.7,1.87,11.46,76.501,0.1518,0.2156,0.3478,0.2848,0.08,158.4,170,1.42,5.11,1.86666666666667
"15148D",2,"conflict.yoked","yoked","T6_C3",8,"On","15148C",12.49,2.08,2.77,0.2706,16,143.13,3.74,17.12,0.93,23,177,4.96,172.2,4.87,4.27,111.132,0.2318,0.1614,0.2757,0.3311,0.14,297.44,340,1.4,5.49,1.4375
"15148D",3,"conflict.yoked","yoked","Retention",9,"Off","15148C",4.92,0.82,1.07,0.1903,13,9.2,0.09,1.66,1.48,0,86,1.27,24.37,0.28,7.5,83.498,0.1629,0.2525,0.3438,0.2408,0.14,125.49,200,-0.01,1.97,0
