"ID","treatment","TrainSessionComboNum","PC1","PC2","PC3","PC4","PC5","PC6","PC7","PC8","PC9","PC10"
"15140A","conflict.trained",1,4.32570770460157,0.776679649740679,-2.28063136455035,1.13570261803108,-1.45349854722012,1.30155676614584,-1.95944532109041,-0.316884980932856,-0.6442403501608,-0.958833379004151
"15140A","conflict.trained",2,-0.932344821229961,3.83367621880534,1.94246507591186,-1.04792595841619,-1.24496874923045,-0.593503836323436,-1.74795801479658,-0.0484376817815957,1.50348693043442,-0.201113644958572
"15140A","conflict.trained",3,-4.35379237673695,0.725520534053216,2.04540767174465,0.766491889197785,-0.205948659210095,-0.172688871306133,-1.18110649805931,0.59097424909203,-0.158439522423018,-0.314304411556623
"15140A","conflict.trained",4,-4.91067786373743,0.445327242705757,1.24074431955715,0.858109026658282,-1.08405625492988,-0.140674906293038,-0.0107996203029137,-0.498415010918661,-0.0937047115178417,-0.794389542554082
"15140A","conflict.trained",5,-5.47863416590565,-0.238615615314274,-0.528509955372903,-0.0834455789302936,-1.43791385898918,-1.46249247451182,0.96668710852672,-0.224779430603385,1.21599676691695,0.23772564265405
"15140A","conflict.trained",6,-1.32721570575518,-0.586878482238223,-3.07679881699838,-0.527773043782374,4.08200793956526,-0.307536004332447,-2.28242262159912,2.88733192204996,-1.82387549574307,1.44866337145709
"15140A","conflict.trained",7,-1.80018835145247,-0.678027501456994,-1.99567993729698,-1.02621749350031,1.49190414753306,-0.72898633622164,-0.948696363869759,2.08737718812856,-1.11125705361721,-0.482834402590748
"15140A","conflict.trained",8,-4.30985924223324,-1.22243332594054,-3.48345900167844,-0.545894393103749,-1.15756155059501,-0.528432617096906,0.301435861607483,2.82544216670544,-0.188537290658123,-1.24964649531274
"15140A","conflict.trained",9,-1.96898080621208,0.88012922588259,-2.80181842585835,-1.4582483263755,1.40357022448517,-0.586670401318563,0.0849998402875054,2.56040673925165,1.43444994120558,0.496339860563492
"15140B","conflict.yoked",1,4.44302244104466,0.151714873294418,-2.36759193536088,-0.786920511719188,-0.92224560931894,0.0825606796110199,-1.12527866819194,-0.827843573702649,-1.33723301024292,-1.02138870919646
"15140B","conflict.yoked",2,3.60600646938547,1.73976647478703,0.344953834103507,4.11085790135037,-1.79301389384636,-0.894423442427034,0.650978454427592,0.789890356924224,0.791222448284487,1.31954222671112
"15140B","conflict.yoked",3,0.0775154469202706,-0.430878512725513,1.03924172271243,-0.749520059293457,1.25030555084421,0.197650656764958,0.904847830679583,-0.517565105776142,0.479603020027924,0.510659261751512
"15140B","conflict.yoked",4,3.05257357390724,0.550238563047953,0.0182341149847262,2.92240379247458,-0.358148886084136,-1.27237659056323,0.898169503726708,0.875087985857833,-0.238568404979316,1.71257639173811
"15140B","conflict.yoked",5,4.56773620385529,-2.64007163392501,-0.886335367081726,2.47533805690161,-0.235772533817203,-0.478756018327048,-1.46458335535654,-0.47893065897117,-1.12519694958545,-0.844080233844817
"15140B","conflict.yoked",6,2.24792479513118,0.118190183928705,1.81200322558406,2.90208171969392,0.251077347757187,0.0505563356685254,1.66298013352276,0.864085778898647,-0.163215458443739,0.887483490730663
"15140B","conflict.yoked",7,1.69405924508629,1.20234467644939,-0.400085289547117,-2.24356831275022,0.445978313753403,0.954562182421709,0.58876206651884,0.277733687751973,-0.853915684355822,0.568677346767655
"15140B","conflict.yoked",8,2.15539389427834,-3.40862098997952,0.820369992707186,-3.31984404785633,-1.11833168955406,1.34393184504701,-0.810317767295279,-0.23527748502195,0.0845353344121559,0.801496868834664
"15140B","conflict.yoked",9,1.56398178324823,1.42752049234305,-0.799654028102202,-2.20230396553736,0.0217857315606613,-0.515957039205273,0.460921333364414,0.328422508513699,1.42350645728596,-0.689723305810479
"15140C","standard.trained",1,4.28345675624421,1.53798195323174,0.560764069708089,-0.00449201217348019,-1.61264431665624,0.787156394534077,1.17158294939974,0.176726040597418,-1.9081387618206,1.59340278754093
"15140C","standard.trained",2,-1.18086222710465,-0.822925880809989,-0.177361136633082,-2.30003039638341,0.0246822175179902,-3.22558819870945,-2.03789642240824,-0.287179627538943,-0.621129507800095,1.8130728893246
"15140C","standard.trained",3,-1.79070230910279,0.569443640627506,-0.315153132626302,-1.17664378979882,2.55121495236513,-0.719845880306349,-0.754490228027197,-0.429461010308645,0.724405237849062,1.34333847349863
"15140C","standard.trained",4,-2.44317380012206,1.06256299024843,3.43429565612392,0.233855250663243,-0.176171907128272,-0.0861348997538942,-2.7306751523253,1.21686226858973,-0.394214736562972,-0.573482641719834
"15140C","standard.trained",5,-1.6505008365388,1.8492953695544,-1.08252095235674,-1.2163734689233,1.63506633938824,0.229896059421686,-1.21229438130623,-1.15247151255943,-0.656018594870148,0.898645585165717
"15140C","standard.trained",6,-3.4818805097298,0.114303176656543,-2.31674675077363,-1.09429409734006,0.0349796381837405,-0.566093302770259,-0.711291946252354,0.889436419624025,0.289104243763912,-0.373668208297399
"15140C","standard.trained",7,-2.02680136921754,1.25075134875097,3.36815828329905,0.22758500057457,-0.422842675903567,-1.07360420979621,-0.875235857869864,0.0532059896171341,-0.180837187443929,-0.0328998169751856
"15140C","standard.trained",8,-6.36031108328782,-2.10850325696762,-3.27766734432787,-0.413108320616201,-2.12651747217382,-1.06124153484679,-0.17051824767871,0.0838479598799561,-0.698379386807421,0.295780021703473
"15140C","standard.trained",9,-5.43996910482725,-2.12860834641479,-3.68347628718635,-1.33749184234633,-2.58697530879982,0.265235114969496,0.132041310536754,-0.49965289518508,-0.560530267593715,0.141597558316508
"15140D","standard.yoked",1,4.0261519785303,3.87235311186844,-2.8593331537878,-2.10599443191558,-0.173798779233175,-0.240526937251599,0.254933563599342,-0.123175130415046,-1.80029335668884,-0.403351845671494
"15140D","standard.yoked",2,2.98735600034966,0.90883073067222,-3.11899348099356,-1.86498443116512,0.538202009528941,-0.295188526330469,-0.0813180511897582,-0.506083713722904,-0.643639477052481,-1.16897675227108
"15140D","standard.yoked",3,1.16950868959917,0.182943284260366,-0.124635080494123,-1.52260507943586,1.49153191819291,-0.860830918995906,0.788189443918239,-0.0362581987353373,-0.333247360702494,0.489696014896337
"15140D","standard.yoked",4,-0.590674886656868,0.707711006255278,-0.615517909115053,-1.18518734221225,0.261103199470637,-1.52197153954695,-0.107624358672878,-0.152992337321535,-1.16782255849307,-0.0754511774810442
"15140D","standard.yoked",5,1.5791474971358,1.05984007205038,1.46722992709744,-0.899949447193722,0.48424026757589,0.187946232016896,0.666010874404333,-0.0976838064779962,-0.297823920056705,0.0328475859415003
"15140D","standard.yoked",6,1.52520270840566,-0.243406076087911,1.14265280610895,-1.04594637762062,0.668595344518134,0.362289063885848,1.65481002462504,-0.32314549403189,-0.236020995115363,-0.529939898156704
"15140D","standard.yoked",7,2.14832516141109,-1.45693814723702,1.09172452622303,3.23323596478976,1.62060373116994,-0.585088497460729,1.7477879203086,0.652035480172983,1.33513750681877,0.798513597201737
"15140D","standard.yoked",8,1.58068696442167,-1.86081640579648,1.79564568584614,-0.285995673125117,2.06916872666935,-0.213411048185966,2.01099503352454,0.77959255789998,0.723089326761041,-0.914420687901401
"15140D","standard.yoked",9,1.56245435614283,-1.32038824257262,-0.0113300047855057,-1.29004517745615,1.95675377282194,-2.07538405294418,1.69097001093228,0.782408420016931,-0.267421204240875,-0.186571847713762
"15141C","standard.trained",1,3.69643487876198,3.79630730610717,-1.32523722512761,0.75665598385196,-1.41731365083802,1.1206432589086,-0.557575358878499,0.172958396012149,0.96001079558358,0.309486929498666
"15141C","standard.trained",2,-1.43284571421886,0.665555183979029,0.650797306201283,-1.14881489987869,0.207458453975003,-2.04734261628864,-1.07213237777289,-0.856340955101414,-0.540756177583034,-0.163005957864033
"15141C","standard.trained",3,-0.212746715696878,0.479193060633088,2.97490651879027,-0.493144674950733,0.269679888995765,-0.676949950029778,-0.800349488501032,0.945418937625343,-0.145813180616343,-0.077425526376776
"15141C","standard.trained",4,-1.25350584358363,0.560431702002433,3.15198884378034,-0.206500992186732,0.771070004228775,-1.22047299365625,-0.451799295390322,0.102519088929173,-0.0520298634000469,0.21365755470339
"15141C","standard.trained",5,-2.77294324559818,1.00003989610995,0.299477142977188,-0.502642549161464,1.47175835852894,1.04570432853978,-0.705110385866439,-1.16781081402613,-0.615825524179133,0.661483074540117
"15141C","standard.trained",6,-2.13760257614399,0.691833978373915,2.39633150959055,0.021481204203033,1.2494770754814,-0.794051513764966,-0.504815544754969,-0.197636642371386,0.152665714302982,0.844581354098765
"15141C","standard.trained",7,-1.92113541500204,0.332166158734874,1.14962024761347,-0.638959548248517,2.2678032977363,-0.0176684344049892,-0.538678469206069,-1.0212829126172,-1.32192998255934,0.751100249486684
"15141C","standard.trained",8,-2.40096854764748,1.28591396198454,3.41234587595118,1.10273946775626,2.4467921612775,0.513511596526343,0.251236049711122,-1.50085928231229,0.0779376445959323,0.608646641626758
"15141C","standard.trained",9,-0.198794063794205,-0.75978378238048,-0.411866868571309,-1.46565794771556,2.17327493133109,-1.64232507786122,-0.317427236849585,0.232422922547567,-0.0682850670947893,0.644866558035028
"15141D","standard.yoked",1,3.46069833220156,3.58455737758282,-0.704125215770447,-2.0308094102263,-1.19807622440752,-0.00491978413449135,0.76208172013875,0.00431266135012511,-1.00713226521938,0.0934392014628298
"15141D","standard.yoked",2,3.53861099969107,-0.489021352225691,-2.26793052037099,-0.156565302576183,0.283393675769229,0.106531398818978,-1.18268644923817,-0.310644432197238,-0.896656270248037,-0.877118309670242
"15141D","standard.yoked",3,3.42193074819274,0.201076140000762,-0.659336050993206,1.52947471724684,0.620090307972732,0.414515740115418,0.432327915415961,0.522006029410257,-0.143639059362658,1.73339502092471
"15141D","standard.yoked",4,0.536540225812937,3.13318329262466,-0.168624008371014,-1.14905213334937,1.93373679581595,-1.23281931312787,1.14892221587546,-0.0851514707402085,2.7650031994896,-0.500841158049918
"15141D","standard.yoked",5,0.909803368820618,-0.66813358814685,-1.44360057603203,-0.0847008527754342,4.09632995291324,0.26614416491726,1.78528231462968,0.431455556150219,-0.584040693632411,-0.357377315948851
"15141D","standard.yoked",6,1.08920623842045,-0.431900183875267,-1.74120185410789,-0.769188653966259,2.60159528975717,0.791395402826774,0.85206809615993,0.194547031614677,-0.984583234068739,-0.604196300504935
"15141D","standard.yoked",7,1.69927942241521,2.4508397450388,-2.9943198480287,-1.64356912211492,2.56108482184061,-0.351063086529382,0.528741030574313,-0.305049692566428,1.41562195233175,-1.16795893115613
"15141D","standard.yoked",8,0.733690742851312,1.97082079537557,0.184718789490431,-0.661992009852682,1.19385656818957,1.01301497927959,1.38056039907512,-0.929635623085003,1.56516974000371,-2.03515032345403
"15141D","standard.yoked",9,3.40097603866997,-1.70564145586279,-0.154084025515488,2.22924436866358,0.364980943438732,1.04345324914995,-0.0696795733096958,0.33986289777222,0.820820329107667,0.515382451762402
"15142A","conflict.trained",1,3.37378625873799,3.97303500635298,-0.94878186448194,-1.51227180612266,-0.584922044655413,0.261135156774984,1.14887100675257,-0.410108967385909,-0.432786182521506,-1.33619930911367
"15142A","conflict.trained",2,-0.773610730536906,3.95286247839003,0.731623558101647,-1.76363170374896,-1.1726181406347,-2.58684927297651,-2.08547409104078,0.174616684209321,1.59046452964634,0.693415955163755
"15142A","conflict.trained",3,-3.64160202465373,1.36550979891795,-0.802111640854356,-0.571198956885874,2.17186595638603,-0.171799607671926,-0.754014230076423,-2.39574345417649,1.47421811746017,1.89691090947243
"15142A","conflict.trained",4,-4.14544089702273,0.420099525985007,0.509204279171768,-0.673262069100815,1.10625361227384,1.02387884359347,-1.38209584351635,-0.155395474958528,0.901591297811688,2.43602974748279
"15142A","conflict.trained",5,-8.33142464444162,-0.965084105262465,-3.30276845125154,1.80445137997407,1.99296900273198,2.49311468895925,3.5545110337089,-3.65064465652693,-0.965530254175176,1.08899392104045
"15142A","conflict.trained",6,-1.3135400424788,-0.929718559785433,-2.81823516631961,-1.04800454575069,3.41147897115107,1.07585025930899,-3.19793748591968,3.43247890630205,-0.773838407071398,0.981045527656444
"15142A","conflict.trained",7,-3.14112872700735,1.09470695802273,-1.4632056469944,-0.712829127773833,1.10457334977293,1.43972091082489,-2.32298216073958,3.14281793026244,0.49833295183693,0.560967618292673
"15142A","conflict.trained",8,-4.6110535816413,-0.893796910962915,-2.11011456638341,-0.137275596303614,-0.338513585297655,1.24438503035163,0.0820115348542766,2.89377189551699,0.492526812664567,-0.465859169919829
"15142A","conflict.trained",9,-2.80697467369481,0.424796724491943,2.18872934695545,0.392384176372279,-0.250500747233194,0.677951643767034,-0.50232377723747,1.53680793616764,-0.424572371097946,-1.16324925748941
"15142B","conflict.yoked",1,4.03622945159154,4.01191267145813,-0.667504286676343,-0.346358991975078,-1.73114598844311,0.203835644231214,1.33815276241633,0.192851511775769,1.49493638262454,0.744192460159786
"15142B","conflict.yoked",2,2.76537264977857,2.80944298444773,-2.37875593880845,2.86603999173895,0.306763143281901,1.33861107409089,-2.34074389083065,0.665362830351167,1.29310948080485,-1.67818358398994
"15142B","conflict.yoked",3,-2.68865890763922,0.812593388268704,-1.76503731141118,-1.05206410106772,0.991002566404302,-0.910319876304327,-2.33781408216825,-0.264290611755839,2.10266329733324,0.905653640551665
"15142B","conflict.yoked",4,-2.44910165327077,0.77130152741817,-3.1384624759988,0.113910860440609,3.82949555748814,1.57385204361691,-0.274204792893855,-0.449372038356141,0.236634187808916,0.366534217707429
"15142B","conflict.yoked",5,-1.20490860200981,-0.212649552288465,-3.23936330573113,-0.237484307181618,3.77527518359748,2.23066430397856,0.496387407243488,1.24690070283918,-1.0159593880862,-0.0378616033498089
"15142B","conflict.yoked",6,-0.569932592821604,2.38373901576175,1.25522400798063,0.319766906456509,2.52909063832688,1.32862378486325,1.04045936408979,2.08187464036075,-0.462389283603414,0.840604930464092
"15142B","conflict.yoked",7,-1.48478860195594,0.365564231368408,-0.209159861739353,-0.115826763888069,3.79842791774352,0.953589654698326,0.45512023544915,1.68673531146877,-0.19497204495309,1.29610743156919
"15142B","conflict.yoked",8,1.13508081307823,1.70652263075062,1.86036538488542,0.182941474790939,0.512053324140926,-0.516645932172261,0.647505339619009,1.03097189827968,1.20462037313975,-1.44087048132127
"15142B","conflict.yoked",9,-0.311239474966687,-0.0762413282380808,-2.54935037801375,-0.617989884719964,1.66739662440052,-0.584714837810038,0.604845981703553,0.774495905384285,-0.390521657205585,-0.699956375605963
"15142C","standard.trained",1,3.34841326472555,2.710874343996,-2.914100488382,-1.62492804953478,0.800577856717391,0.948908266213903,0.355455424860617,-0.309585945624395,-3.96665114018509,0.652936409213541
"15142C","standard.trained",2,-2.5597035596604,2.44612912819238,0.614999291371744,-0.950303464637862,0.0223547128160808,-0.734862580152831,-1.59330022334992,-0.676305616881028,2.07092905882128,-0.258185833784897
"15142C","standard.trained",3,-6.44791647509812,-0.877103717270166,-0.96405858865783,0.460814328422368,-1.56300032364453,0.347085750719208,0.763011729948968,-0.124377768624131,0.147849804202338,-0.0157627867068411
"15142C","standard.trained",4,-5.16495098455128,-0.0839511420290776,0.566164490956235,-0.0250444618915571,-1.33376883906495,0.72779141829009,-1.36596571031364,-0.374854698027904,-0.152025963648921,0.278535558649142
"15142C","standard.trained",5,-6.42043616509131,-0.736649422434943,-0.553915801307424,0.457280999092893,-0.455308320334374,0.162693816433084,-0.341635043005257,-0.868619155014509,0.239455138441737,1.01803265490752
"15142C","standard.trained",6,-7.65439229887508,-1.70723934987289,-1.90637563365189,0.275028859496856,-2.33814000073591,0.503129279742225,0.169003570479457,-0.0703162323209843,-0.0393157253325427,1.07250069703772
"15142C","standard.trained",7,-7.22055190616555,-1.49388059333726,-1.3617873979145,0.463257824528907,-2.2241527863577,0.0299212710292969,0.680630620453311,-0.228608149254017,-0.219295699183834,0.451838686986674
"15142C","standard.trained",8,-7.40887886447993,-1.90584893626962,-1.88544537495333,0.0999023668305603,-2.06755983295808,0.292584219631565,0.398381312451235,-0.602990267751898,-0.0228345807070012,1.13166727395056
"15142C","standard.trained",9,-5.10411606567967,-0.574758013130086,-2.09864773642947,-0.237495554590647,-2.67176996172278,-1.00012561874084,0.91955099062916,-0.760927501368255,-0.836589304289577,0.10283576366976
"15142D","standard.yoked",1,2.9432258789429,-1.67469234034694,2.57568614316236,-1.70354357035454,-1.48917076230354,1.24697119508241,-0.133332227102407,0.113220068242701,-0.310361254146321,0.351278678080797
"15142D","standard.yoked",2,2.10510843128852,-2.08770740902189,-1.91003776881705,0.25923376063506,1.09256897554951,0.627403629661433,-1.10278382297765,0.366909053075954,-0.191859038075521,-1.02166188491191
"15142D","standard.yoked",3,3.1438046708843,-1.29765736262931,-0.110784759261376,1.04364980211858,-0.251920922870797,0.262598469186116,0.42377465026417,0.542679033353918,0.519403154898127,1.96136353436589
"15142D","standard.yoked",4,3.63940392522834,-2.31450372425178,2.33760918822827,-1.67496381446107,-2.00981735289623,-1.47630558127228,0.00594907988914737,0.0168943258449883,-0.667695663176535,-0.796015270496206
"15142D","standard.yoked",5,3.67144015515205,-2.42631697873228,2.50019044105668,-1.4665967692739,-1.36678475259884,-4.41239708369813,0.931802620974286,0.43286764460664,-1.04153365644838,-0.90887943609466
"15142D","standard.yoked",6,1.86517286462504,-1.55447680212059,0.963801860773638,-1.79890785663451,-0.466379202515435,0.195240270082297,-0.0479481116559352,0.00548488646404282,0.176589460590772,0.109340939261821
"15142D","standard.yoked",7,1.57663007731246,-2.14138767513059,1.82981421389833,-1.70784964105736,0.359176770119843,0.527227212610533,0.117888822441554,0.0702826387701264,0.57536834331158,0.135889944518271
"15142D","standard.yoked",8,3.70867662955341,-1.80665058986684,1.02595413710274,-2.07201749158103,-0.85122489242994,-4.54235624302363,0.801882430931316,0.301197784061654,-1.39974606523935,-0.269854843867199
"15142D","standard.yoked",9,3.92305710287224,0.0197135548131857,-1.02310352222808,1.02999080882131,-1.19148147282382,0.71170760051768,-1.08555349496251,-0.513731728241412,-0.34600296918135,-0.0217916890475773
"15143A","conflict.trained",1,3.89105189234624,1.8871286885673,-2.51975614883016,1.76281951901819,-1.0695207824411,0.893557501323549,-1.49013721682874,-0.996178062792523,0.129070028213006,-1.30114522092147
"15143A","conflict.trained",2,-0.865327915945346,1.46477059093195,0.156115515107389,-1.74784119058272,0.734321939074269,0.0419969700283649,-0.802032150227294,-1.07393489094742,1.38518445064092,0.765801866153941
"15143A","conflict.trained",3,-4.21304568868977,0.431674876210831,1.42363167074495,0.539898077433157,1.1399967132893,-0.784186514633731,-0.696820612158461,-1.77322883408256,-0.26524723168451,0.572522602365779
"15143A","conflict.trained",4,-7.44198209847174,-0.882755407442218,-0.588384267556451,1.1309382495125,-2.50953687262877,-0.245745913013406,1.26771234029666,-0.76081673225309,-0.263526193827025,-0.0394702851364306
"15143A","conflict.trained",5,-5.03446455778296,1.1230203003859,0.891561428640041,0.961405500292401,0.298164006791388,0.168784365424938,0.376444772677564,-1.64703270445137,-0.614207252373727,-0.0358014530329344
"15143A","conflict.trained",6,-1.7244695179341,-0.338192800277296,-3.12952038602817,0.273114988633763,5.11703688502066,0.363666963966663,-1.90470771369706,1.54124719153565,-2.16901037003716,1.67086271011279
"15143A","conflict.trained",7,-3.6925539712686,-1.0876377082559,-2.7719230014157,-0.193362220598988,1.86769926299674,0.465037921102906,-0.368680587674978,2.79052032096131,-0.228410904338537,0.224646197880015
"15143A","conflict.trained",8,-4.67441434976209,-1.5395110380569,-3.37694374607274,-0.513398578740504,-0.600319700990322,-0.37640432630643,1.07078822208333,2.9672243491234,0.448629216099472,0.0897720847801749
"15143A","conflict.trained",9,0.813708232115309,-1.66426199659252,0.335050072756685,-1.40629061834204,1.77135764943867,-0.0507602579220053,0.572194864019125,0.333983828475542,0.622792565283385,-0.215489623629589
"15143B","conflict.yoked",1,4.78402393400581,4.17011430866202,-1.42286753471713,1.81674172743547,-1.78729012446678,1.0463300948467,0.572135473295892,0.224494229186866,1.00949173835861,1.60531626837298
"15143B","conflict.yoked",2,4.04042912515556,0.311194186704447,-0.643727422796362,5.428299949532,0.298821100781641,1.03643592793749,0.408766633304184,-0.25607453761789,-1.52674300488032,0.364546331415553
"15143B","conflict.yoked",3,1.96054895917531,-0.654686283637865,-1.54118224094689,3.11183599461542,1.21223850204993,0.491728317865476,-0.734843736057747,0.0648843327458499,0.632564998846206,-1.06061592501292
"15143B","conflict.yoked",4,1.2963171676916,-0.97285695823004,0.144075415830996,-0.613139061018276,1.33533489392463,-1.18572659270217,1.31904703259901,-0.0373202463466136,-1.11440700611144,-0.498090524922086
"15143B","conflict.yoked",5,0.885079679535831,0.0869333412974066,-0.10119193537704,0.208936697607623,2.82412621376706,-0.373289848923765,3.69747222032911,-0.681531333177251,-1.2841273814769,0.293814094360919
"15143B","conflict.yoked",6,0.573993075021097,0.579198429330295,-0.433508353181879,-0.956408944729005,2.26646541075532,0.878647461658318,1.59647007089184,0.569565459532371,0.150162145686746,0.0298021353610642
"15143B","conflict.yoked",7,1.88193033179676,-1.15401579123516,-1.24297604512019,-1.09655260573813,2.00744929645751,-1.60473488880953,0.774021139686498,0.0357182156213429,-1.09594558258187,-0.705100417773393
"15143B","conflict.yoked",8,3.71549686379257,-1.65228557521755,-0.59045276784171,4.63376278689216,-0.393492572569139,-1.21042197446906,-0.00467379308938671,-0.608769146084966,-0.209606825081979,-0.280261948845189
"15143B","conflict.yoked",9,3.97149218019347,-0.281399679641595,-1.54007930971975,2.49359220607642,-1.1807546339643,-2.7565084378066,-0.676009242222846,-0.0649394068440619,-0.425312087987173,0.0402413609270733
"15143C","standard.trained",1,2.85403810111957,1.48038127202801,1.75056019151904,-0.736876007815344,-0.888412289918403,0.858893056740281,0.962751190943898,-0.023430779370679,-2.43048767880289,0.235711471151244
"15143C","standard.trained",2,-1.40065659852886,2.24702609345116,-0.974369982395136,-1.50204740494991,0.51844131425499,0.484336943218859,-1.09901909860238,-1.02543959305034,0.330639057934882,-0.0291999097251639
"15143C","standard.trained",3,-3.96422797159806,0.018745690960396,1.78290420661834,0.338287491565825,1.50206694363449,0.0350391296496074,-1.03184277694192,-0.778810233516384,0.074875411891522,0.521067900846052
"15143C","standard.trained",4,-5.61889618731665,-0.725582676063596,-0.2994132969144,0.202472199604884,-1.37073505200475,-0.613738480760406,0.204586705615275,-0.499480336150202,0.553737439532697,-0.298282214752417
"15143C","standard.trained",5,-5.24188064959277,-0.213132573937626,-1.71665674228833,0.0926368406066839,0.356999975933509,-0.260218654934889,0.862979881597604,-2.0519361081203,-0.146987766878355,0.448627368121121
"15143C","standard.trained",6,-7.03548622024971,-1.2445670268246,-2.08099601386331,0.406017891496027,-1.51213108213911,0.0366494964419111,1.55697550354927,-1.24241472857491,-0.419355291996201,0.0748654223879657
"15143C","standard.trained",7,-5.76291814282065,-0.577173556653405,-1.11911439704306,-0.232095713311037,-0.256033070200109,-0.843392253950113,-0.903338340632163,-1.29388856506153,0.722713113733247,0.814092967148901
"15143C","standard.trained",8,-5.85034202151546,-2.00811513358763,-2.90686413842597,-0.512875209989532,-1.7011981796345,-0.778431453242325,0.598204497592843,0.0231674293568377,-0.820707710425284,0.141972799188481
"15143C","standard.trained",9,-5.67963649542662,-1.49214985021021,-1.17207402557709,-0.187706666944501,-2.04542281006271,-0.777873946297306,0.845556643198061,-0.981890311527493,-0.42512697989937,-0.170272243332349
"15143D","standard.yoked",1,3.90867327241978,4.18811228626216,-1.01201431826107,-1.9926139808575,-1.74882680354699,1.04545411772538,1.01616132666721,-0.174203421475806,-0.323211831066393,-0.705664177343028
"15143D","standard.yoked",2,3.99698926880117,1.30145607839768,-1.27089902734756,0.83167012039833,-0.810000459188074,0.690947712733272,0.112450567709793,0.0375216900798524,1.24341833810343,1.07290967148896
"15143D","standard.yoked",3,-0.28539667450568,-0.700268044366311,0.33666169357381,-0.678058771270555,1.946295764038,-1.49464962194011,1.30266964544502,0.321464846483608,0.398135573592556,0.230178285847724
"15143D","standard.yoked",4,3.89826403047397,-1.94681024580327,-0.221942510654119,3.26223523386638,0.12233743097387,-1.55774825857981,-0.207395096209066,0.12040432614009,-0.968457189272263,-0.118769275893816
"15143D","standard.yoked",5,2.67537561167788,-1.8811688327816,-1.1460587413177,3.16569322787276,1.58070603358657,0.173747869663426,-1.21199392452302,0.741685421361017,0.525618826466121,-1.38391334940462
"15143D","standard.yoked",6,2.68019664002489,-1.54153644216002,0.70275471288689,3.03880687771704,0.890713713886667,-0.893084421878988,1.75359716925972,0.850721498331236,1.36104762414037,1.848271454307
"15143D","standard.yoked",7,1.91830049118001,0.847216360698606,0.927864875140846,-1.51426949902062,0.166281186747687,0.261251468942224,0.311337546776879,0.00842637952418718,0.938636317550786,-0.3040197307274
"15143D","standard.yoked",8,2.67238918455013,-2.35607728893331,0.31697946806236,1.89059450603667,0.649990935003126,-0.869990716594761,0.935805951176247,1.23576917343066,1.61045506236144,1.26854281882009
"15143D","standard.yoked",9,4.01974533361997,-1.28578838011193,-0.947376777810471,1.25006561160725,-0.744757544447361,0.702446297622274,-0.652357618148619,-0.0044005488117908,0.169944325125672,1.39086963978348
"15144A","conflict.trained",1,4.02458518143197,3.29250056775613,-2.27974488209001,1.70358902932906,-0.767405384189299,1.03980480139133,0.384255958067069,-0.0736738041225411,-0.589089030986693,1.49926976371454
"15144A","conflict.trained",2,-1.65998635487475,2.05852883123077,2.8924016761772,0.1716699741012,0.790869891175671,-0.783114307660732,-0.925617292125407,0.134298704226173,1.23035577184201,0.115628230492502
"15144A","conflict.trained",3,-2.51108794883175,0.2608288157396,-0.273644704187619,-0.962105596336946,1.6712394876323,-1.63633655963111,-0.910149046238333,-1.39044627444943,-0.0588828971618533,1.75386643239589
"15144A","conflict.trained",4,-6.32562967562129,-0.845645131161421,-3.16614518731506,0.723791574852255,0.795819692250105,0.409504337929929,1.55036014516959,-1.97504245641474,-0.563203861991295,0.451690147972986
"15144A","conflict.trained",5,-6.11793274411558,-0.570774790512965,-1.73453880041579,0.133824001508966,-1.17132649559585,-0.685478021928547,0.931528449343089,-0.993724249548478,0.912993104596129,-0.364358765635058
"15144A","conflict.trained",6,-0.0799891236581958,2.23423083329058,0.648455210190772,0.0345081358655599,2.7338109219164,0.981807647852791,2.03007902952216,-1.83028747374137,1.357435343619,-1.89174238504938
"15144A","conflict.trained",7,-3.74377624582805,0.707012741444181,1.52927381608456,0.732835042042805,1.85549313293385,0.711526448714461,0.315876956508366,0.95276943152744,0.20947967364632,0.954188771578807
"15144A","conflict.trained",8,-6.06601356214852,-0.351928318266805,-0.721546833666318,1.31511085794871,-0.697481953740096,1.16633957475182,2.28635440826441,0.497405730548754,-0.298422072893352,-0.85778585948474
"15144A","conflict.trained",9,-6.20548322446307,-1.51066434290836,-1.61639700105211,0.521723196036052,-2.1738518477156,0.986140408981635,1.56717800097523,2.8876174079197,-0.270480134915718,-0.931283542141371
"15144B","conflict.yoked",1,4.7008931533774,3.03953580757021,-2.95843937559365,1.2375120410128,-1.79587248561656,1.2883338387875,-1.84616827710987,-0.690703403088806,-0.0700676533365663,-1.45691886741108
"15144B","conflict.yoked",2,2.96740393850326,-0.710102199541824,-2.5349630596461,-1.38172925655564,1.15756921351693,0.474558617925563,-0.418162570663865,0.212138982706383,-1.0847920378805,-0.415170438868228
"15144B","conflict.yoked",3,0.649600984653802,-1.34469982895437,-2.37696903126042,-1.29345534650569,2.8669953442742,0.626086571168051,-0.103569346657713,-0.211260005525177,-1.22622016292152,0.000433082560229513
"15144B","conflict.yoked",4,3.34863372756109,-0.299994252529949,1.20876371930441,0.477356435302196,-0.901652165059375,-2.86640922516978,1.02015739712936,0.377809966292971,-0.734820093416777,1.23916354639403
"15144B","conflict.yoked",5,3.70457156383293,0.00473934006039282,-0.442082950089688,-0.650041407422441,-0.673081647252771,0.626588698919328,0.669972433971022,0.473806119170862,-0.564907192499498,1.03419657936272
"15144B","conflict.yoked",6,2.03073861372651,2.11130880173114,-0.549581030704135,-2.10658835555776,-0.3746343746642,-3.02650124253919,0.50080429398514,0.708761845547849,0.710896900791127,-0.793456405472646
"15144B","conflict.yoked",7,3.96049120485542,-1.99875534589394,-1.48336074795759,2.37629975749268,-0.0627200781370683,-2.03622602456099,-2.08388676973773,-0.227639418684158,-0.680862374331644,-0.961086514858687
"15144B","conflict.yoked",8,4.42995287776301,-1.6589069895736,0.240311708690099,1.32308338923167,-1.35346119617902,-1.81033233468072,0.709821419885414,-0.32159730855891,0.122617837008458,1.62404556653787
"15144B","conflict.yoked",9,3.81122808877412,-0.619459352205062,0.512440548654702,-0.897817251333456,-1.90501544060037,-1.52528829530955,1.23899296770344,-0.249820956405776,0.0998748689780783,0.376631142405352
"15144C","standard.trained",1,4.31158093017632,4.48071748557183,-1.79294326563428,1.81767463700274,-1.90278261033967,1.40869053236062,-0.524586930300962,-0.221813760797013,1.0833444693596,0.425519952289051
"15144C","standard.trained",2,-1.63823349853038,0.619844211570199,0.599482966771328,-0.977604847467494,0.74576430932175,-1.38331852718527,-1.45836723668947,-0.787406881010354,1.39362430861942,-0.5140289029445
"15144C","standard.trained",3,-4.10220247653984,-0.305096941900865,0.135981251210906,-0.54126011573476,-0.0337173030555683,0.648018359661464,-0.596852956538177,-1.26635270419903,0.0148679144123159,0.511126146172093
"15144C","standard.trained",4,-4.31434545893935,-0.258098152777025,1.01681852128844,-0.196301002831469,0.86479472354292,-0.0162055278584022,-1.94278368500004,0.0207849335017255,0.286900821886207,1.18610464491476
"15144C","standard.trained",5,-6.54789603774135,-1.03369777834901,-2.46632807430727,-0.247020597783497,-2.27114242357294,0.821500391642195,0.934929263113522,-1.16014376392215,0.527815204597527,0.0700642360044182
"15144C","standard.trained",6,-5.04062646913011,0.937007341893454,0.280841316153816,0.744612550091188,-0.542679018715197,1.26821177797324,1.07473408412491,-1.60880201510104,0.888038306909775,-0.982365067209708
"15144C","standard.trained",7,-7.22261739427632,-1.03004658468805,0.752182147342461,1.28261339579153,-2.64885437399432,0.318283799369164,0.225209017258158,0.663007425132095,-0.406228216045256,-0.553898908662345
"15144C","standard.trained",8,-5.6693977604828,-0.227204368156092,2.86523459292333,1.0569939868652,-1.08620670616407,0.799346553268455,-2.04413074846266,1.32498094923195,-0.0408040443492546,-0.229356890014993
"15144C","standard.trained",9,-7.22605671512717,-0.305386633480245,-0.678383839640686,0.825932428355052,-2.95479720821769,1.33274239844873,0.791016626633053,-0.699143388740709,-0.668889463206062,-0.042913912105034
"15144D","standard.yoked",1,4.59871015216933,1.67185258378052,-0.230684993786256,2.10954427784703,-1.9653279901033,1.25339763933798,0.528435011661221,0.319929667332172,-1.79169266282656,2.76154507174416
"15144D","standard.yoked",2,5.84062139228005,-0.198961522824093,-2.43006305046038,2.60360195938926,-1.53476825426129,0.213490583757247,-2.24906423818203,-0.388800034988505,2.57885601924375,-2.15696019210017
"15144D","standard.yoked",3,4.26063636335301,-1.05419014763682,-0.393051976301577,3.37899635348382,0.133500519035213,-1.82389941199324,0.0224076666716476,0.284890062521858,-0.269764129563515,-0.461015235316815
"15144D","standard.yoked",4,3.33023698849573,-2.05986509346233,0.667798134790834,-0.492095410438754,0.123722498145482,-0.380859710203975,0.81620368317422,0.334190796070165,0.244626889794448,0.26477366876806
"15144D","standard.yoked",5,5.21030858127779,-4.44982166243501,-0.959146148371802,0.330732077690847,-1.02467353764928,2.20814393615024,-2.48876193549849,-0.506140122176107,0.326322362116293,0.288160147184685
"15144D","standard.yoked",6,4.21832735835637,-0.551469899760027,0.41073203651387,-1.19513670070521,-1.86927952526921,0.832719299904755,0.930735538193508,0.281891267289697,2.18971774843659,0.739190565731096
"15144D","standard.yoked",7,3.65460903568914,-2.67381779522857,2.28782131595425,-1.78253207312219,-0.750638530473103,-0.467380056046963,0.841672677309218,0.210553401117896,0.00741055659671813,-0.752496762649233
"15144D","standard.yoked",8,4.52631860333898,-4.89181710820011,2.5797194199581,-2.91396122877436,-0.579419396287517,2.55723617172517,0.469090110650834,-0.24268118292701,0.560311172220458,0.447188265219598
"15144D","standard.yoked",9,5.11389226845072,-3.56260331911932,-0.404328200087029,0.456671340921282,-1.81416826501338,1.97717771176255,-2.23694308812403,-1.32295197072295,-0.844519192585393,-0.779708332153578
"15145A","conflict.trained",1,4.33430611747161,5.32078590072824,-1.49156780792527,1.90042512270795,-2.00221516383047,0.353953127167296,0.474840341907645,0.283090112853295,-1.29744158139324,2.02363422001763
"15145A","conflict.trained",2,-1.99874428756091,1.37792146133678,-1.16063095304028,-1.49337238108924,0.715730555918092,0.0775801980308488,-1.71801849459241,-1.72667299745177,0.886782562383042,0.158004490596834
"15145A","conflict.trained",3,-4.04886476616164,-0.157753024925864,0.639656052537909,-0.396441623102912,1.27330674518011,-1.01721393840701,-0.789637651596397,-1.48683413222742,0.625679170786135,2.30367532436649
"15145A","conflict.trained",4,-5.66785807463314,-0.995692036465037,-1.15794176745298,-0.359201503185969,-1.75337834980946,0.0753098021804477,-0.183627626948096,-0.150755694853273,0.401542675000178,0.35169751326567
"15145A","conflict.trained",5,-3.44372528502054,2.4317366632997,4.42118651995235,1.50351272158439,-0.0485315681570609,1.13401346062923,-1.99293832803593,1.5422504554495,-0.76855151478744,-0.533828083840759
"15145A","conflict.trained",6,-0.999749303234339,1.94466002225903,4.45749797603627,1.96751588799422,1.58743388825447,0.903408008299589,0.322913918155853,-1.33981471522124,-1.65294294802401,0.148300748932012
"15145A","conflict.trained",7,-2.94732190445255,0.978752236071335,3.40054841416449,0.903778981439251,-0.267670699702568,2.25397935361572,-1.10029659319773,1.57643685566019,-0.482723647909938,-1.76275003984743
"15145A","conflict.trained",8,-3.72837474677296,0.742081828126281,2.59435260475736,1.22000540154385,0.611044328031952,1.69750756576558,0.518248447597615,1.8032980348769,0.277921441895126,-0.648153921097342
"15145A","conflict.trained",9,-6.77564435164527,-1.03000418514713,0.0372081029136139,1.46780377688725,-1.85904826778271,1.57419948654691,1.98323321836156,2.11875244852353,-0.323069983583803,-1.02132908200576
"15145B","conflict.yoked",1,4.63689702182634,0.510657961597615,-0.637525423543688,1.73708053638301,-1.52814912461696,1.25286335020484,-0.957187713374545,-0.551908807525909,-1.83923365084157,0.259612566965685
"15145B","conflict.yoked",2,3.91573986002435,1.4911515939649,0.170625642380302,-0.495113008233439,-2.47557424971234,-3.70958705823624,0.285451705828639,-0.222571910195816,-0.90052430403005,0.640801804493652
"15145B","conflict.yoked",3,1.75679335083116,-0.860399466914217,1.51139923249528,1.64442822248755,1.6008699335957,0.0945411437665105,2.15596558858968,0.650702434988113,0.14436196795489,0.462787903730024
"15145B","conflict.yoked",4,4.35440289894156,-1.6598110655517,-0.381163193278673,1.5644949802579,-0.975391417255084,0.343548899369919,-0.382015355099159,-0.865790689273856,0.302527963286107,-0.390725791587675
"15145B","conflict.yoked",5,2.84084108520608,-2.15202672304565,-1.05808937176204,2.60794727422411,1.28815740403668,-0.149614895237913,-1.47467075488642,0.193457008606911,0.109818963244631,-1.1363561037878
"15145B","conflict.yoked",6,1.98077374478919,0.586874856552568,-0.0404781158056278,-1.44610088338357,1.18692197321125,-1.3580889409394,1.19446355840814,0.194513098145079,0.283499635265779,-0.611079286018905
"15145B","conflict.yoked",7,2.89169774255347,-2.17868123513715,-1.5245296126977,2.68587655026413,1.6844606883802,1.25705161351731,-1.29750748346908,-0.911284972420629,0.932907376069586,-0.898111523111445
"15145B","conflict.yoked",8,3.32758685612217,-1.73225300894351,0.380969133939205,1.76667725971482,0.573525767220332,0.269896131631508,1.40460978412999,-0.0246107131960225,1.85052214757252,1.44345556877681
"15145B","conflict.yoked",9,2.2541843123573,-1.30337798202414,0.588336740142728,-2.30685805153355,-0.651983778362202,0.0995852823920778,0.473008264316499,-0.17806519285915,-0.0393946543210863,-1.56002084120635
"15145C","standard.trained",1,4.16760280132712,4.00998583271742,-2.09375138906275,1.24486435154264,-1.56339528634723,0.275594079718436,0.44880829046945,0.0170499637472981,0.435774422118359,1.18419975157378
"15145C","standard.trained",2,-1.45623769861964,1.2210949411953,1.36210539248616,-0.819859348961417,0.649870771816636,-0.21691206729573,-1.14997191546778,-0.368901206772005,0.756223781231846,-0.316465719219281
"15145C","standard.trained",3,-1.70289480762509,1.45528383969665,1.64913587660768,-0.800557118396421,0.252059713314211,0.625564103174711,-1.36228713884627,-0.534933827123216,-0.592167844501061,0.3560267333157
"15145C","standard.trained",4,-2.9282383162633,0.764269181062074,2.88139478753599,0.00391313670247398,0.26982280602467,-0.280682425920115,-2.22703695567639,1.2764199146145,0.583351818983628,1.06693196735663
"15145C","standard.trained",5,-2.11826336899416,1.76815049648417,2.26476347989739,-0.440446254720767,-1.05600782733058,-0.428743977772983,-1.85348215140523,0.393048915275003,0.0632257981014174,-0.757436016613997
"15145C","standard.trained",6,-2.27200712683448,0.275819559817274,1.4452787575195,-1.12069488992803,-1.18236917389376,-0.365513765322297,-1.04183055837175,-0.681724729917968,0.157876484317493,0.700024731350583
"15145C","standard.trained",7,-1.27242456542768,-0.0491672665914583,3.30926877033505,-0.596885462731306,0.0913903548631616,-1.65005849754352,-1.30157099984622,0.368442463992555,-0.519681766909803,0.840574638304639
"15145C","standard.trained",8,-1.46845970909987,0.517882005524839,3.797402548808,0.320413105329641,-0.310538249000125,-0.755745539217502,-1.5094220329792,0.581759662159235,-0.568335667556144,-0.969617666310982
"15145C","standard.trained",9,0.626161390271708,0.409986838119445,2.07954469096567,-1.27027189207069,-1.17118683232804,-0.738156479109563,-0.130824971312416,0.0214886215853829,-0.441369868756448,0.015040049103838
"15145D","standard.yoked",1,4.01579876359993,5.2527064629693,-1.31391559563518,-0.340993815590825,-2.11106875603446,0.889975806535787,0.799563378220796,0.3319333781658,0.25206806229794,0.829480149310457
"15145D","standard.yoked",2,4.23689049476953,0.683888596157291,-0.676056013792704,-1.11410409714362,-1.61988429497882,0.419526390969585,0.650451660288113,0.0468732513695661,0.336143566430171,1.0076598547144
"15145D","standard.yoked",3,2.38604632221906,0.134305724311707,0.0913688986632179,3.22581719852141,-0.395581785467731,-0.523547262269115,1.78552750119246,0.446747585848315,1.91428437933267,1.13808467215373
"15145D","standard.yoked",4,1.73804248498785,1.07886673397038,3.27573812046917,1.5542530112817,-0.559638953313102,1.1664726422153,0.838703318229017,0.895503017186009,-0.493364904636108,-0.458307599109755
"15145D","standard.yoked",5,3.07311855974567,-0.985944634779055,2.70879894743619,-1.31372340379307,-1.96672786186867,-3.34771211542718,-0.0160791920949195,0.258990582806814,-2.05016241136425,0.0594932701397401
"15145D","standard.yoked",6,4.62217532673296,-1.53779194911116,1.26878120468019,2.91207297295782,-1.8858141673527,0.655096548366233,0.198356262664795,0.837782561371649,0.702470008462381,1.40480319088431
"15145D","standard.yoked",7,4.58062933609204,-2.5794666229132,0.131401717018827,3.10811863553242,-0.465205492303792,0.446820554674516,-0.402606872616788,-0.0172925178632534,0.280285962050499,0.907936938814782
"15145D","standard.yoked",8,5.33342050688993,-3.21639212374595,-1.13828883477404,0.649255566795542,-1.50581495868222,1.66532661764886,-2.44963680875109,-1.21171391396036,-0.527345932693836,-0.619197523548677
"15145D","standard.yoked",9,3.98664244860451,-3.46639590052065,0.234017197385448,1.8986949876353,0.741258197226429,-1.42063176422353,0.343498369175103,0.00750288468483877,0.715374522789851,0.516110579759477
"15146A","conflict.trained",1,4.13516455807862,4.32533913735177,-1.40455944901584,0.00280545618963316,-0.278459678763821,1.14241826698401,1.3024294940295,0.312740518597149,-2.15753435636839,1.92454051210834
"15146A","conflict.trained",2,-0.175833399785383,1.24146587214772,3.09802902534088,-0.165478796187268,-0.353234716137189,-2.0583905138714,-0.682239470973856,0.493615602608893,0.441256838452706,-0.187596866320554
"15146A","conflict.trained",3,-4.47149623733563,0.392739202881077,1.28522070603028,0.632888439210564,0.101776004223147,-0.591300734664515,-0.346517410696795,-1.28115296704098,-0.539544985162571,-0.0480093930977365
"15146A","conflict.trained",4,-6.14460109332513,-0.792153217984383,-0.0346745565076061,0.575427283592201,-2.3278661932392,0.0248861460866632,0.10627152159164,0.194225165239528,-0.222467651041685,-0.558660660778559
"15146A","conflict.trained",5,-6.04270831925426,-0.847450865770508,-1.17556617880596,0.0887463826866093,-1.79980267415107,-0.441286105202593,0.22911707893735,-0.217097047743401,-0.129623145489551,-0.0696845047869076
"15146A","conflict.trained",6,-0.273285705412271,1.5720369638595,4.09661822826703,1.09926798972584,0.735488212271878,1.52814508531561,-0.664452752054148,-0.530953650426042,-1.56341904843756,-0.0856383449630762
"15146A","conflict.trained",7,-6.35679303308316,-0.998368057208736,-1.11409093009256,0.933623949609657,-2.16541433534947,0.294014685988908,1.55741831452696,2.27385278357938,0.0774849645691642,-1.13956608937715
"15146A","conflict.trained",8,-5.22730561304856,-0.752406394027697,-0.521375515480318,0.462804886930238,-2.26824850656518,0.131475521463451,0.91030242111001,1.62623492423411,-0.160486255859056,-1.18730864457679
"15146A","conflict.trained",9,-6.22569718590823,-1.50067675369766,-1.663589687824,0.193378649308939,-3.10858759408681,1.09995016822696,1.18153184327196,2.33832173832003,-0.235208812929188,-0.690221123618727
"15146B","conflict.yoked",1,4.20728050759481,2.94345025156597,-1.19544068107181,0.123492282335148,-1.16349992457882,0.595540196889567,0.608332576862743,-0.498961580270312,-0.190558176691246,-0.244593381743686
"15146B","conflict.yoked",2,3.29032066404398,-1.31427145438703,-1.3490070448955,2.92432983325166,1.00773994032695,0.9541550608462,-1.10142014997199,-0.261349454695649,0.114898175351071,-1.47359215974941
"15146B","conflict.yoked",3,2.05873531829198,-2.11856014315754,-1.14030839801387,4.36830849330527,3.36619596841428,0.255966122521881,0.40626855710414,-1.59241399382208,0.813077963982834,-1.45127636887903
"15146B","conflict.yoked",4,3.15206190610724,-3.37848016468827,1.77032147767065,-2.24537132891635,-0.173582849042175,0.118048175954819,1.14644972066635,-0.732206057804432,-0.209074241465151,-1.16560916160479
"15146B","conflict.yoked",5,2.55002156436395,-3.0934078696307,0.542435683496279,-1.76960270512404,1.35813690813186,0.162568232183027,0.632822745791085,-0.569016242985109,-0.660382241297206,-1.14730222695223
"15146B","conflict.yoked",6,2.72335316304767,-0.246872114598671,0.64145833791655,0.49915630490656,0.477781264138874,-0.419415711093195,1.65125202596401,-0.0726855697121698,0.95886073881202,0.333588594586369
"15146B","conflict.yoked",7,2.29874116627135,-3.14417254925452,0.730696272327621,3.38220639839078,1.96105194356502,-0.481359469012131,0.263256055588533,-0.138579405948543,0.844291792090346,-0.886309210305203
"15146B","conflict.yoked",8,2.53887168597703,-3.65807028866238,-0.684686555190545,-0.139916898627809,1.66058080305067,-0.572783474830016,-0.608434728187829,-0.572289352015498,-0.249408608787503,-0.981197240272377
"15146B","conflict.yoked",9,2.9438048340279,-1.4024481749147,-0.027488258033958,-2.63812396828889,0.44005442288906,-1.41409111764666,0.684905951671804,0.0257917214121892,0.0708764164321221,-0.30733165425586
"15146C","standard.trained",1,3.79963982400823,5.38722478195499,-0.687902224662215,-1.45563228823422,-2.03969938867973,0.207217949459285,0.808511707321243,0.0769326329548285,-0.649163812517328,-0.962425601109104
"15146C","standard.trained",2,-1.89769962732394,2.92981052727727,-0.524830865548016,-1.5661459084056,-0.251567684413261,-0.101872487773203,-1.67286773121388,-0.902611077205503,1.21187007842191,-0.329540601647098
"15146C","standard.trained",3,-5.77589973339185,-0.74853839632211,-1.0828924737643,-0.0515027984696713,-1.54694113061454,-0.324644288918345,-0.0878535434766963,0.16552206223258,0.550211565360521,-0.0457982243704491
"15146C","standard.trained",4,-5.85580949686143,-1.02469284686947,-0.481907179839707,-0.177548843588864,-2.35160619628112,0.387538726715509,0.291413189893172,1.07867962625209,0.394498342975298,-0.520029134573421
"15146C","standard.trained",5,-4.7401320231518,-0.191086114351603,0.349868640493831,0.179839365984938,-0.713846654510681,0.699998769237656,-0.495435471241235,0.743601424938423,0.18774022734955,-0.12958850155209
"15146C","standard.trained",6,-2.04784757617354,0.897687101296257,3.44203599309487,0.895702397280346,0.992914737543129,0.427925625268558,-1.08184927955327,1.24781622216788,-0.437628283040788,-0.826540148671507
"15146C","standard.trained",7,-3.05880251077973,0.0361354640922875,-0.246582734224276,-0.879650433919505,1.76242083673103,-1.14015713847305,-1.38285408270303,-0.0709932385913477,0.600204086641304,2.05108106306426
"15146C","standard.trained",8,-1.86144743710451,1.01878946256803,2.75644533823152,-0.0904192851859295,0.379687436858211,-0.793446594594553,-0.839524121585286,1.20681843904231,0.469833403208323,-0.00123089772448024
"15146C","standard.trained",9,-4.20447672412952,0.0948111414143927,-2.69426068080049,-0.88221570240278,0.179113161286691,-0.259006636380041,-0.513558502811896,-0.163917171344975,0.614629253674777,0.112431670706694
"15146D","standard.yoked",1,3.69175034581896,2.324962201586,-0.483207346932254,-2.54014234574889,-1.56710737586567,-0.170709507724033,0.42612273108397,-0.0590964476291554,-0.274692179826489,-0.351096856535165
"15146D","standard.yoked",2,4.45908531684916,-0.278879559659759,-2.2421448047465,-2.40265603992998,-1.36404009544578,1.57808535812667,-1.73057899142595,-0.914664842870757,1.63451754959319,-0.55591119385728
"15146D","standard.yoked",3,2.00374422221894,-0.773788676280946,1.99223292709934,-1.52446630304118,-0.62738624194878,-0.0331560276775539,0.545887929236513,0.045987874426583,0.344842362455314,-0.446504311966261
"15146D","standard.yoked",4,1.34395280189105,-1.36308082643085,1.33616587832613,-0.461303643202354,0.859881400982656,-2.26890938534504,1.08669905186655,0.430303632374616,0.0358740084431975,-0.430672022301582
"15146D","standard.yoked",5,4.17206072261873,-2.4047972944138,-1.25243031852694,-0.444797619033673,-0.158944857219428,0.282724651036862,-1.24049571395848,-0.597620402224529,-1.65497506144219,-0.944062279919386
"15146D","standard.yoked",6,-0.262342454743656,-0.138088634521594,0.197618335942132,-0.407773539516118,1.47892009310684,-0.811364167972802,0.561830618567665,-0.518607710423025,-1.07335264915943,-0.650034307978847
"15146D","standard.yoked",7,1.66473453281024,-1.85072059637828,0.741687737234404,-0.947279105422027,2.01830044314769,0.721910747530561,1.06775839117043,-0.579356206531371,-0.205317756964797,-1.43673613251135
"15146D","standard.yoked",8,3.37824442983923,-2.55289600688006,-0.244747153374942,1.83878654358937,0.463820604544939,-1.76400872958452,0.278141674377997,-0.159873970890566,0.656936261300899,0.703134470553933
"15146D","standard.yoked",9,1.60494710092223,-1.10892966895726,2.54727631555852,0.213864914503946,1.87494416968367,-0.50253586837942,2.48896707744392,-0.842879726292763,1.65156200094413,-1.37648985336281
"15147A","conflict.trained",1,3.60874232763183,4.29545878924104,-0.402327602082946,-2.07540781112439,-0.94721172392154,0.0578295977742655,1.34516827107621,0.188553313021086,-0.297404015959901,-0.104344602134758
"15147A","conflict.trained",2,-1.8500537458502,2.55614188367642,0.596179720437291,-1.34292490395586,-0.406089397788541,-0.0676897191026089,-1.60174002315033,-1.10193592904892,1.34270405147037,0.745903208096229
"15147A","conflict.trained",3,-5.3325455548595,1.34181037019557,3.08971406466575,2.27276960791718,1.55307324901759,1.12303161063068,0.288889192529564,-1.55594083801118,-0.414622573990836,-0.354867747280951
"15147A","conflict.trained",4,-5.64087708059896,0.303282918605271,2.25637509474899,1.45724823760667,-0.973299403430542,0.20344800978883,-0.135606703107982,0.374642967780391,-0.191563192773477,-0.984695115460683
"15147A","conflict.trained",5,-3.42502892548104,1.74009387731807,3.93118225114976,1.32405918999682,0.0258216787271549,-0.307170551817397,-1.41911437453286,0.346027013052026,-0.932471588980707,-0.824444058132681
"15147A","conflict.trained",6,-0.369977861783863,0.925300854444631,2.65581487906425,-0.438123729211034,0.385953018846969,0.81174115964342,-0.832010848493395,0.90236730007463,-0.193295292030067,-0.233272359842225
"15147A","conflict.trained",7,-2.73676947777389,2.56452521054546,2.10279832486039,1.41570209671303,2.5542949907219,0.562438151457305,0.810286789632156,-0.917801706585912,-1.08820518422848,-0.336579262106667
"15147A","conflict.trained",8,-1.43988629449007,0.573191964918325,2.64607193136002,0.256459875643656,0.617787711230117,0.692694808126188,-1.37524644405511,2.08030866440413,-0.45544926150674,-1.3699889496836
"15147A","conflict.trained",9,0.698919985877774,3.92843669392088,0.330104084956715,-0.842740398329285,-0.287181723022772,-0.168822309071247,-0.126428911867895,2.0459508789314,-0.468455121473609,0.374612327262
"15147B","conflict.yoked",1,3.31418355204112,3.9447854531215,0.634620137835765,-1.16606411375541,-1.91753442253789,0.701964077677046,1.25212265168241,-0.00594180800539305,0.408275623848486,-1.01396762971973
"15147B","conflict.yoked",2,2.94955675018998,0.100432312041445,-0.408256092789916,-2.22092641437033,0.489243786466453,0.109329373039882,0.618384072984096,-0.320759446472121,0.283534949559852,-0.121700100123135
"15147B","conflict.yoked",3,0.972282928694577,-0.28679281149873,2.63140791283767,0.847632843678651,-0.0299182917912531,-0.527584988267822,1.68999145716976,1.78036564742586,-0.103912261458525,-0.974589399944775
"15147B","conflict.yoked",4,2.11580676049659,-1.13182946343646,1.10101990442868,3.41980075378436,0.750813949302479,-1.06700767746444,1.10254505821335,0.900504086709507,0.843700871534648,1.19923765880567
"15147B","conflict.yoked",5,3.89481655303099,-1.91076021502491,-0.0553860108791811,3.33921349293787,0.264552839284736,-1.60044623737785,-0.173490607584154,0.0687396787866128,0.122630863950323,-0.617776598339663
"15147B","conflict.yoked",6,0.126234486635593,1.67984159134519,-0.621356801769789,-1.54587202851374,0.85181636703455,0.0103903791715164,0.267932346544721,1.1403846643787,2.13491454792851,-0.0901843597282086
"15147B","conflict.yoked",7,1.7748966309097,0.284036868784131,-1.62509917011413,0.826100309288963,2.85423825890736,-0.954757395987078,0.265740558274161,-0.330798104643869,2.93970336232174,-1.91190729111956
"15147B","conflict.yoked",8,0.536697838402316,-0.775993626398268,-1.59890023685413,-0.749953222659445,3.97481415807543,-0.127319862270538,1.71981453843422,0.719974342797654,1.12760860709679,-0.419617003696653
"15147B","conflict.yoked",9,0.874649679302769,-0.890655270448013,-0.790008896009538,-1.35174557388199,2.33455432308348,0.289900128056204,0.670515654564138,0.503780570711755,0.0781936670109206,0.28002002470348
"15147C","standard.trained",1,3.71408666433605,3.12223523069809,-0.0427893442902531,-2.35364290586299,-1.40894655570339,-0.23667048972563,0.717047656657268,-0.185718693169464,0.881156197031544,-0.639762832962235
"15147C","standard.trained",2,-2.43314041979737,0.857888660612845,-0.576800349892722,-1.28563149259922,1.01394675585888,-0.285450510472303,-1.68108450159748,-1.60449600397023,-0.104659179616593,0.590005584259283
"15147C","standard.trained",3,-5.01105272521586,-0.1072928235997,-0.407289356360457,0.537352673620392,1.37333899140889,-0.171771831611339,0.749669509531319,-2.3929772182738,-0.388260497264096,0.345632143223894
"15147C","standard.trained",4,-6.63184902796511,-0.835747717719555,-1.97232701442588,0.25491201748356,-1.44248193992295,-0.388413124018682,0.692203289998405,-1.44914003249199,0.43538940519646,0.24369879605445
"15147C","standard.trained",5,-6.0062782254449,-0.700977415933874,-0.163083445838363,0.600335176657804,-2.13281010019813,-0.797848486799011,0.305753359172061,-0.0714496200234881,-0.237925563336672,-0.504743537333722
"15147C","standard.trained",6,-4.18228128836757,0.301351539100444,2.63290589341007,0.798691395840755,-1.2023507264169,1.08344655020512,-0.300543025525944,0.55703201767829,-0.247907065763554,-1.3021613702606
"15147C","standard.trained",7,-5.28629077681727,-0.702682766812395,0.926705757592457,-0.0437080763195459,-1.26813051274568,0.134101249640096,-1.56788207675436,0.851225655425446,0.377807722343483,0.105792424708688
"15147C","standard.trained",8,-6.6776276648039,-1.32847953013436,0.100451297648042,0.527962143789247,-2.94645219481767,0.190679487414361,0.187170998067363,0.703314912252094,-0.207551815436336,-0.361901280731047
"15147C","standard.trained",9,-5.27745667242892,-0.403436746447993,-1.48550814326276,-0.230137238283291,-1.74770426041492,-0.309481515335318,1.07838943557137,-1.15312191197174,0.288617159476754,0.0117236331683137
"15147D","standard.yoked",1,3.70687342319891,3.30960373093447,1.04424932246734,-0.951208731259531,-2.06907017521639,0.268210448272588,0.931170833065116,0.259593934606207,-0.689696449741417,-1.02182576598807
"15147D","standard.yoked",2,3.95246125899409,-3.01341101984677,-1.01979443721076,1.83580396509645,-0.291390627212871,0.130910377213649,-2.46113365587701,-0.601328648403734,-0.81419469734085,-0.877431503087994
"15147D","standard.yoked",3,3.26693125359832,-3.06746022413763,0.0438068072419699,-3.42738990986514,-0.912381282937869,0.498951670237276,-0.637134724805536,-1.05062327375906,-0.636861608232302,-0.235079865858868
"15147D","standard.yoked",4,3.40397637234506,-4.04870169281906,1.76422449256887,-3.43935299611226,-1.36770553344926,2.1786778830963,-0.182804730134293,-0.722788514416243,0.207709128080731,1.16437882120819
"15147D","standard.yoked",5,4.16504388793612,-3.95942289277986,0.955212831471367,-3.29437554974436,-0.874637307801405,1.77484163751292,0.190722300120407,-1.01241534210841,-0.904241497987149,-0.245879366366007
"15147D","standard.yoked",6,3.98646613530415,-4.61828474075416,2.87456084113819,-3.28507928638462,-0.894095377974185,3.28214018475251,0.126567378647564,-0.0530362175922116,0.607255636669557,0.864574901144268
"15147D","standard.yoked",7,3.99202967855316,-5.23640255278952,3.25227713647596,-2.99772460579168,-0.533435443072164,3.87345026503808,0.0473584518106478,0.167345675957344,0.882958242324753,1.22624195290435
"15147D","standard.yoked",8,4.39796750368412,-4.95893685964267,2.10437841343301,-1.65845716132237,-0.718171242298106,2.12613901880475,0.166674221198069,0.126537927732479,1.23314443494281,1.1532834868744
"15147D","standard.yoked",9,4.40215130991804,-5.08156503698896,2.49216761548431,-1.86263361440751,-1.34265769123571,3.3885997665686,-0.156049756003289,0.294684512424877,1.18158528677537,2.4100164645156
"15148A","conflict.trained",1,4.23874715032632,1.8812447110969,-1.13120159517763,1.69481027741174,-0.864518568983776,1.49545684375558,-0.461892795230588,0.0110299120617288,-1.79502795913783,1.90497767788397
"15148A","conflict.trained",2,-2.95877417430818,1.37958418057842,1.61605636499279,-0.0605098419810148,1.4025183432745,-0.797706194719995,-0.852199621151101,-0.463943764290652,1.12573465888417,1.17642360969418
"15148A","conflict.trained",3,-6.01163144758196,-1.13724985372832,-0.967436933592682,-0.0239706568079524,-1.93684795306136,-0.618667204559293,0.394895693909991,0.114776342389213,0.348529922030583,-0.421051677793225
"15148A","conflict.trained",4,-5.4471442645654,-0.885723446523242,-0.906701245052106,-0.419590355106149,-0.517936161371693,-0.589027694306352,-1.1954949044509,-0.293870087717099,0.654167128244663,0.591618575434976
"15148A","conflict.trained",5,-6.37492338860762,-1.05306653570226,-0.949596948797987,-0.0465136530259981,-2.83047742367903,-0.564002498601546,0.831742016995924,0.302919682361553,-0.374842095581735,-0.474102749378825
"15148A","conflict.trained",6,-0.612448236877356,1.33444245195319,0.259877582824476,-0.269225275180483,2.46194298835655,1.16696303195567,0.596933726511154,-0.651827889142893,-0.985659783266963,-0.638147609594629
"15148A","conflict.trained",7,-3.07376149503133,0.629378451735778,-1.28704012710926,0.161408117529896,3.01502811507118,0.18093516070461,-0.588469686791339,0.935600553288994,-0.795983974718132,0.757051810039818
"15148A","conflict.trained",8,-2.04740970858575,0.773505758842927,1.47851256365604,0.63416246409293,2.53470909226534,0.416983251047071,1.68372808077382,-1.47880696773133,-0.560790450345999,-1.17620290815756
"15148A","conflict.trained",9,0.0701377822646473,1.00283896243837,-1.42873863858044,-0.463789896105666,1.84045871093907,-0.300930290990498,1.1641022980488,0.240447272779102,0.205168553594788,-0.624393746577092
"15148B","conflict.yoked",1,3.29863797089396,3.36485896282328,-1.89449210907708,-0.581072321909214,-1.77010890118076,0.920010960140879,-0.399450827092253,-0.544266814347431,-0.594676882440164,-1.40986572954952
"15148B","conflict.yoked",2,4.99379830450828,-0.820202856891794,0.493185849239822,1.57548159498082,-2.00135005549469,-1.26839002380485,0.494585110522888,0.273036266325023,-1.26840581591578,2.14492240351837
"15148B","conflict.yoked",3,4.21215824790273,-0.18000519855907,1.03528896681039,-0.385379857848018,-2.3951014498802,-0.108455278699768,0.932930529775033,0.00997514371865165,0.772750798018506,0.238464880110689
"15148B","conflict.yoked",4,1.6155763293829,-0.378856721609616,1.61596279882993,-1.21688112209583,-0.111281385183487,-0.0500595657268044,0.457211826297274,-0.349676614537779,-0.119107998150695,-0.164608685954928
"15148B","conflict.yoked",5,3.02212662196784,-0.488972209171493,1.9911113216407,-1.3951698347057,-1.35040247368172,-0.338506376808827,0.540860197245742,-0.178524913084919,-0.618476291850622,-0.843676108025369
"15148B","conflict.yoked",6,1.83976216976389,1.95320441516463,-1.33005247155944,-2.31710295094855,-0.583954362177432,-0.373327901070821,0.170315604961051,0.345678179815674,1.97411593452364,-0.862533261141221
"15148B","conflict.yoked",7,4.92363537722177,-0.0845564753282103,-1.3215606416531,0.44221276602076,-1.58624100542414,-0.370767556151525,-1.54799746631584,-1.01636339749916,2.5670192388232,-0.671297744459683
"15148B","conflict.yoked",8,5.26315541735785,-1.97912384307668,-2.25461641843151,3.31870850212974,-1.91661974939098,-4.38391030234347,-2.17842229164935,-1.52714960834591,-2.23932312928969,-0.506417420397995
"15148B","conflict.yoked",9,3.42464952913328,-3.68808100777588,-0.502134902275747,-3.83684350820842,-0.324395732339202,1.54492213242999,-0.544616302269808,-0.231991884351882,0.159394162114873,0.410027515499589
"15148C","conflict.trained",1,3.46617898347326,2.73490337750893,0.717612167114683,-1.81263945117581,-1.41398631945103,0.720505710611233,1.1277873337107,0.356252002239988,-0.000755305296149228,-0.324204903055791
"15148C","conflict.trained",2,-1.82663500345238,0.132461303270255,2.61724124194147,-0.401104556647628,0.339976914091349,-1.97908507928641,-1.51839290069244,-0.167216593069934,-0.669357620596251,1.26240785915509
"15148C","conflict.trained",3,-3.88135857607121,0.0195805057905866,0.408798759555806,0.136556008232392,1.83430368086845,-0.183661877971212,-0.222337427946143,-2.83481436779773,-0.323180492385576,0.788203212283535
"15148C","conflict.trained",4,-1.58947496176357,1.23373459971865,1.9261143430144,0.431208355529484,1.36539785671624,1.11987520432716,-0.0258271593133809,-1.13300284557907,-0.747143750711335,-0.846556280047417
"15148C","conflict.trained",5,-4.84225723747674,1.11229989210003,2.67950006579616,2.02364809501871,0.470221273317508,0.0733107188542891,1.06288946394186,-1.18460279682438,-0.65525501515036,-1.13428621257696
"15148C","conflict.trained",6,0.260209929736902,1.5514499565218,3.55807008015395,0.917585044102609,0.00104129987849811,0.399846334643603,-0.487603413696614,-0.332332717286029,-1.21504170038584,-1.10131161449525
"15148C","conflict.trained",7,-0.430636182088096,1.56312815221934,3.44291523880961,1.38121266747997,1.03289353727222,0.589784062681291,0.0430227767656997,-0.500991782903363,-0.832417675798787,-1.3815655958802
"15148C","conflict.trained",8,-1.76360399672497,1.6518169658738,4.76431863458934,2.28175240379547,1.7014197328306,1.81336827600737,0.279088480330135,-1.79293323028956,-1.26465159383591,-1.18009223875485
"15148C","conflict.trained",9,1.89640155466747,-0.718012571778402,-2.59569580554983,-2.00219632822507,1.85450119569634,-2.88942089556579,-0.0945133516026337,0.695256856450211,0.0407962353064411,-0.772430083210683
"15148D","conflict.yoked",1,4.50787704615743,1.6365131667007,-0.248649374546762,1.32930903763221,-2.07875170601056,0.167207792952985,0.400555976926764,0.373394859561955,0.623298736627022,1.72014509473845
"15148D","conflict.yoked",2,2.15112693142732,-1.35986756690809,0.515728103725155,-2.35599734443916,-0.116381732327842,0.538228787784642,-0.549707575723996,-0.58634517588186,-0.884001041321448,-0.967523507365379
"15148D","conflict.yoked",3,4.10058588831063,-2.76212297899767,-1.32442810291327,1.71469245947778,-0.678300714664627,-0.129252615856658,-1.37452417304678,-0.746708799391452,0.773758737938535,-1.6619483864308
"15148D","conflict.yoked",4,3.12726749550877,1.0760373581941,0.111266341593343,2.43868800974279,0.0481344095499798,0.551179224932542,0.879127625694647,-0.0617390654199472,3.36811440579308,0.31515901721144
"15148D","conflict.yoked",5,0.660878440713038,-1.48200651444976,-2.6810728770684,-0.767892030474513,2.52904598048872,-0.000663015911344969,0.296190132736535,1.02024425750516,-1.00398281343911,-0.546159257405975
"15148D","conflict.yoked",6,1.95062557140954,1.8824146372349,-3.7449250405522,-2.01059649676301,1.83658513747903,0.0114875781372201,-0.59447940518466,0.508287076989565,-0.615919812452563,-0.721699129093532
"15148D","conflict.yoked",7,2.01721857525789,0.513944675435779,0.163588222666169,-1.53435089126447,0.996557456800078,0.316736973204237,0.884655606932888,0.4879972935593,-0.912491125893011,-0.577411774782403
"15148D","conflict.yoked",8,2.00147222789041,-0.563306011860409,-3.08999058477574,0.2442819915806,0.384630412367049,0.138614772886761,-0.490390734936369,-0.43356061995876,0.736397712918887,-1.93630908764133
"15148D","conflict.yoked",9,3.9771598663932,-3.41713329362485,1.72013144173857,-3.38774017639706,-0.588485991644729,0.382520139800189,0.208995785879957,0.000873528564232409,0.330404654953653,0.549945655763477
